tarjeta_id,origen,linea_entrada,fecha_entrada,terminal_entrada,destino,linea_salida,fecha_salida,terminal_salida,tipo_salida,direccion,tipo_tarjeta,contrato1
176370,El Arenal,L1,2026-04-04 16:03:07,20223302,Hualqui,L1,2026-04-04 17:02:22,20220002,Salida,TH→HQ,QR,
176404,Pedro Medina,L1,2026-04-04 17:10:25,20220902,Concepcion,L1,2026-04-04 17:30:53,20221507,Salida,HQ→TH,QR,
186052,Hualqui,L1,2026-04-04 09:22:46,20220001,UTF Santa Maria,L1,2026-04-04 10:08:34,20222403,Salida,HQ→TH,QR,
186052,UTF Santa Maria,L1,2026-04-04 12:40:08,20222401,Hualqui,L1,2026-04-04 13:29:07,20220001,Salida,TH→HQ,QR,
261764,Concepcion,,2026-04-04 16:23:32,20221802,Concepcion,,2026-04-04 16:25:08,20221511,Salida,,QR,
372358,La Leonera,L1,2026-04-04 12:18:01,20220301,Los Condores,L1,2026-04-04 13:05:44,20222702,Salida,HQ→TH,QR,
386046,Manquimavida,L1,2026-04-04 17:09:22,20220602,Mercado,L1,2026-04-04 17:56:00,20223601,Salida,HQ→TH,QR,
386046,Mercado,L1,2026-04-04 19:27:24,20223602,Manquimavida,L1,2026-04-04 20:47:11,20220602,Salida,TH→HQ,QR,
428437,Mercado,L1,2026-04-04 19:25:42,20223601,Lzo. Arenas,L1,2026-04-04 20:22:02,20222102,Salida,TH→HQ,EMV,
482078,Concepcion,L1,2026-04-04 09:52:09,20221503,Higueras,L1,2026-04-04 10:16:38,20223002,Salida,HQ→TH,EMV,
484540,Pedro Medina,L1,2026-04-04 15:59:58,20220901,Higueras,L1,2026-04-04 17:49:01,20223002,Salida,HQ→TH,EMV,
487454,Chiguayante,L1,2026-04-04 12:15:29,20221202,Higueras,L1,2026-04-04 13:07:58,20223002,Salida,HQ→TH,EMV,
530691,Mercado,L1,2026-04-04 19:26:50,20223603,Manquimavida,L1,2026-04-04 20:47:17,20220602,Salida,TH→HQ,EMV,
574315,Hualqui,L1,2026-04-04 16:54:05,20220001,Los Condores,L1,2026-04-04 17:45:32,20222702,Salida,HQ→TH,QR,
578756,Los Condores,L1,2026-04-04 16:08:59,20222701,Lzo. Arenas,L1,2026-04-04 16:20:59,20222101,Salida,TH→HQ,EMV,
610160,Manquimavida,L1,2026-04-04 09:39:29,20220602,Lzo. Arenas,L1,2026-04-04 10:05:40,20222102,Salida,HQ→TH,QR,
650240,Hualqui,L1,2026-04-04 09:29:28,20220002,Concepcion,L1,2026-04-04 10:00:46,20221801,Salida,HQ→TH,QR,
672731,Higueras,L1,2026-04-04 20:04:45,20223002,Chiguayante,L1,2026-04-04 20:42:25,20221203,Salida,TH→HQ,QR,
723189,Chiguayante,L1,2026-04-04 20:36:55,20221203,Hualqui,L1,2026-04-04 21:02:43,20220003,Salida,TH→HQ,QR,
729434,Hualqui,L1,2026-04-04 16:50:26,20220001,Los Condores,L1,2026-04-04 17:45:37,20222701,Salida,HQ→TH,EMV,
740175,Concepcion,L1,2026-04-04 16:21:07,20221507,Chiguayante,L1,2026-04-04 16:41:10,20221204,Salida,TH→HQ,EMV,
764357,Concepcion,,2026-04-04 20:08:37,20221503,Concepcion,,2026-04-04 20:10:14,20221801,Salida,,EMV,
809972,Concepcion,L1,2026-04-04 12:46:35,20221511,Pedro Medina,L1,2026-04-04 13:11:44,20220903,Salida,TH→HQ,EMV,
910261,Lzo. Arenas,L1,2026-04-04 20:08:01,20222101,Chiguayante,L1,2026-04-04 20:42:17,20221201,Salida,TH→HQ,EMV,
922070,Concepcion,,2026-04-04 20:08:40,20221502,Concepcion,,2026-04-04 20:10:12,20221802,Salida,,EMV,
981709,Los Condores,L1,2026-04-04 16:09:12,20222701,Concepcion,L1,2026-04-04 16:25:25,20221504,Salida,TH→HQ,QR,
982207,UTF Santa Maria,L1,2026-04-04 12:38:16,20222401,La Leonera,L1,2026-04-04 13:18:18,20220303,Salida,TH→HQ,QR,
1013643,Lzo. Arenas,L1,2026-04-04 20:10:55,20222101,Manquimavida,L1,2026-04-04 20:47:48,20220601,Salida,TH→HQ,EMV,
1015727,Pedro Medina,L1,2026-04-04 15:59:51,20220901,Higueras,L1,2026-04-04 17:49:07,20223002,Salida,HQ→TH,EMV,
1025392,Mercado,L1,2026-04-04 19:57:31,20223603,Concepcion,L1,2026-04-04 20:27:19,20221502,Salida,TH→HQ,EMV,
1025659,Concepcion,L1,2026-04-04 20:27:35,20221504,Manquimavida,L1,2026-04-04 20:48:03,20220602,Salida,TH→HQ,EMV,
1035420,Concepcion,L1,2026-04-04 20:25:40,20221504,La Leonera,L1,2026-04-04 20:49:58,20220302,Salida,TH→HQ,EMV,
1089037,Concepcion,,2026-04-04 09:59:21,20221801,Concepcion,,2026-04-04 10:00:10,20221513,Salida,,EMV,
1099792,Concepcion,,2026-04-04 19:51:37,20221801,Concepcion,,2026-04-04 19:52:09,20221501,Salida,,EMV,
1130774,La Leonera,L1,2026-04-04 12:28:13,20220302,Lzo. Arenas,L1,2026-04-04 12:58:00,20222102,Salida,HQ→TH,EMV,
1137490,UTF Santa Maria,L1,2026-04-04 15:41:14,20222403,Concepcion,L1,2026-04-04 16:25:30,20221515,Salida,TH→HQ,EMV,
1164437,Mercado,L1,2026-04-04 15:56:30,20223601,Concepcion,L1,2026-04-04 16:27:46,20221507,Salida,TH→HQ,EMV,
1244455,Chiguayante,L1,2026-04-04 20:46:02,20221201,Los Condores,L1,2026-04-04 21:16:15,20222702,Salida,HQ→TH,EMV,
1249390,Concepcion,L1,2026-04-04 12:39:24,20221503,Hualqui,L1,2026-04-04 13:31:25,20220002,Salida,TH→HQ,EMV,
1260074,Pedro Medina,L1,2026-04-04 12:15:15,20220901,Mercado,L1,2026-04-04 13:16:03,20223602,Salida,HQ→TH,QR,
1280704,Hualqui,L1,2026-04-04 08:57:58,20220002,Lzo. Arenas,L1,2026-04-04 10:05:35,20222101,Salida,HQ→TH,EMV,
1286632,Concepcion,L1,2026-04-04 16:26:58,20221801,Hualqui,L1,2026-04-04 17:00:28,20220002,Salida,TH→HQ,EMV,
1306082,Pedro Medina,L1,2026-04-04 16:38:54,20220902,Hualqui,L1,2026-04-04 17:00:04,20220001,Salida,TH→HQ,EMV,
1315114,El Arenal,L1,2026-04-04 20:03:10,20223302,Concepcion,L1,2026-04-04 20:27:07,20221502,Salida,TH→HQ,EMV,
1321695,Higueras,L1,2026-04-04 20:03:46,20223002,Chiguayante,L1,2026-04-04 20:42:12,20221201,Salida,TH→HQ,EMV,
1327055,Hualqui,L1,2026-04-04 11:56:02,20220001,Concepcion,L1,2026-04-04 12:50:11,20221517,Salida,HQ→TH,EMV,
1345538,Higueras,L1,2026-04-04 10:08:11,20223002,El Arenal,L1,2026-04-04 10:21:45,20223303,Salida,HQ→TH,EMV,
1348729,UTF Santa Maria,L1,2026-04-04 12:42:20,20222401,Manquimavida,L1,2026-04-04 13:14:53,20220602,Salida,TH→HQ,EMV,
1367368,La Leonera,L1,2026-04-04 16:42:07,20220303,Hualqui,L1,2026-04-04 16:59:55,20220001,Salida,TH→HQ,EMV,
1374802,Concepcion,,2026-04-04 20:08:56,20221801,Concepcion,,2026-04-04 20:10:13,20221502,Salida,,EMV,
1375890,Concepcion,,2026-04-04 10:05:42,20221801,Concepcion,,2026-04-04 10:08:24,20221514,Salida,,EMV,
1378993,Higueras,L1,2026-04-04 20:04:31,20223002,Chiguayante,L1,2026-04-04 20:42:21,20221204,Salida,TH→HQ,EMV,
1390320,La Leonera,L1,2026-04-04 09:37:03,20220302,Concepcion,L1,2026-04-04 10:00:20,20221511,Salida,HQ→TH,EMV,
1390320,Concepcion,L1,2026-04-04 12:38:48,20221504,La Leonera,L1,2026-04-04 13:17:25,20220303,Salida,TH→HQ,EMV,
1405581,Hualqui,L1,2026-04-04 20:04:41,20220001,Concepcion,L1,2026-04-04 21:01:18,20221511,Salida,HQ→TH,EMV,
1408217,Manquimavida,L1,2026-04-04 12:29:07,20220601,Concepcion,L1,2026-04-04 12:50:09,20221802,Salida,HQ→TH,EMV,
1412618,El Arenal,L1,2026-04-04 12:23:04,20223303,Concepcion,L1,2026-04-04 12:54:05,20221802,Salida,TH→HQ,EMV,
1412619,El Arenal,L1,2026-04-04 12:23:38,20223303,Concepcion,L1,2026-04-04 12:53:59,20221801,Salida,TH→HQ,EMV,
1413270,La Leonera,L1,2026-04-04 17:05:48,20220303,Concepcion,L1,2026-04-04 17:30:52,20221502,Salida,HQ→TH,EMV,
1427533,Hualqui,L1,2026-04-04 09:06:04,20220001,Mercado,L1,2026-04-04 10:25:02,20223601,Salida,HQ→TH,EMV,
1427533,El Arenal,L1,2026-04-04 12:25:58,20223303,Hualqui,L1,2026-04-04 13:28:51,20220001,Salida,TH→HQ,EMV,
1433194,Concepcion,,2026-04-04 12:54:41,20221801,Concepcion,,2026-04-04 21:06:20,20221502,Salida,,EMV,
1433388,La Leonera,L1,2026-04-04 12:28:16,20220303,Concepcion,L1,2026-04-04 12:49:56,20221802,Salida,HQ→TH,EMV,
1436551,El Arenal,L1,2026-04-04 12:31:53,20223303,Hualqui,L1,2026-04-04 13:29:42,20220002,Salida,TH→HQ,EMV,
1436554,El Arenal,L1,2026-04-04 12:32:05,20223303,Hualqui,L1,2026-04-04 13:29:48,20220002,Salida,TH→HQ,EMV,
1445929,El Arenal,L1,2026-04-04 12:17:04,20223303,Lzo. Arenas,L1,2026-04-04 12:49:34,20222103,Salida,TH→HQ,EMV,
1448363,Manquimavida,L1,2026-04-04 09:42:23,20220601,El Arenal,L1,2026-04-04 10:21:14,20223302,Salida,HQ→TH,EMV,
1451183,Manquimavida,L1,2026-04-04 12:27:29,20220602,Concepcion,L1,2026-04-04 12:48:48,20221802,Salida,HQ→TH,EMV,
1456871,La Leonera,L1,2026-04-04 17:07:46,20220301,Concepcion,L1,2026-04-04 17:30:43,20221801,Salida,HQ→TH,EMV,
1461379,Los Condores,L1,2026-04-04 16:03:33,20222701,Concepcion,L1,2026-04-04 16:26:40,20221502,Salida,TH→HQ,EMV,
1495475,UTF Santa Maria,L1,2026-04-04 16:09:43,20222402,Concepcion,L1,2026-04-04 16:26:39,20221507,Salida,TH→HQ,EMV,
1504787,Concepcion,L1,2026-04-04 20:28:04,20221801,Pedro Medina,L1,2026-04-04 20:44:13,20220902,Salida,TH→HQ,EMV,
1507820,UTF Santa Maria,L1,2026-04-04 12:42:09,20222401,Manquimavida,L1,2026-04-04 13:14:45,20220602,Salida,TH→HQ,EMV,
1507837,La Leonera,L1,2026-04-04 09:26:51,20220302,Concepcion,L1,2026-04-04 10:00:57,20221801,Salida,HQ→TH,EMV,
1516409,Los Condores,L1,2026-04-04 12:21:34,20222702,Concepcion,L1,2026-04-04 12:54:15,20221801,Salida,TH→HQ,EMV,
1521891,Chiguayante,L1,2026-04-04 09:43:23,20221203,Concepcion,L1,2026-04-04 09:59:25,20221502,Salida,HQ→TH,EMV,
1523594,Manquimavida,L1,2026-04-04 12:25:11,20220601,Concepcion,L1,2026-04-04 12:48:31,20221502,Salida,HQ→TH,EMV,
1524678,Los Condores,L1,2026-04-04 08:41:16,20222701,Concepcion,L1,2026-04-04 08:55:09,20221502,Salida,TH→HQ,EMV,
1538678,Mercado,L1,2026-04-04 19:25:13,20223602,Concepcion,L1,2026-04-04 20:26:56,20221513,Salida,TH→HQ,EMV,
1541786,La Leonera,L1,2026-04-04 17:10:46,20220303,Concepcion,L1,2026-04-04 17:30:34,20221502,Salida,HQ→TH,EMV,
1542239,Concepcion,L1,2026-04-04 20:24:32,20221801,Manquimavida,L1,2026-04-04 20:47:21,20220602,Salida,TH→HQ,EMV,
1544245,Hualqui,L1,2026-04-04 16:54:08,20220002,Los Condores,L1,2026-04-04 17:45:31,20222703,Salida,HQ→TH,EMV,
1554713,Higueras,L1,2026-04-04 20:05:01,20223002,Lzo. Arenas,L1,2026-04-04 20:21:36,20222102,Salida,TH→HQ,QR,
1555131,UTF Santa Maria,L1,2026-04-04 16:07:39,20222402,Concepcion,L1,2026-04-04 16:36:09,20221513,Salida,TH→HQ,EMV,
1556135,Mercado,L1,2026-04-04 19:39:04,20223603,Lzo. Arenas,L1,2026-04-04 20:22:08,20222101,Salida,TH→HQ,EMV,
1556424,El Arenal,L1,2026-04-04 12:17:03,20223302,Lzo. Arenas,L1,2026-04-04 12:49:34,20222102,Salida,TH→HQ,EMV,
1557383,Los Condores,L1,2026-04-04 12:21:49,20222703,Hualqui,L1,2026-04-04 13:29:35,20220001,Salida,TH→HQ,EMV,
1557383,Hualqui,L1,2026-04-04 16:41:13,20220001,Los Condores,L1,2026-04-04 17:46:04,20222702,Salida,HQ→TH,EMV,
1558136,Higueras,L1,2026-04-04 20:05:06,20223002,Lzo. Arenas,L1,2026-04-04 20:21:44,20222103,Salida,TH→HQ,EMV,
1558677,Los Condores,L1,2026-04-04 15:53:34,20222703,Concepcion,L1,2026-04-04 16:26:10,20221801,Salida,TH→HQ,EMV,
1558708,UTF Santa Maria,L1,2026-04-04 16:08:35,20222402,Concepcion,L1,2026-04-04 16:36:10,20221512,Salida,TH→HQ,EMV,
1559244,Los Condores,L1,2026-04-04 15:53:07,20222702,Concepcion,L1,2026-04-04 16:26:03,20221801,Salida,TH→HQ,EMV,
1560880,Mercado,L1,2026-04-04 15:51:12,20223603,Concepcion,L1,2026-04-04 16:26:30,20221802,Salida,TH→HQ,EMV,
1565528,El Arenal,L1,2026-04-04 15:56:07,20223301,Concepcion,L1,2026-04-04 16:25:26,20221801,Salida,TH→HQ,EMV,
1567799,Concepcion,L1,2026-04-04 20:05:13,20221504,Hualqui,L1,2026-04-04 21:02:22,20220002,Salida,TH→HQ,EMV,
1571189,Pedro Medina,L1,2026-04-04 17:11:58,20220901,Concepcion,L1,2026-04-04 17:31:12,20221507,Salida,HQ→TH,EMV,
1574505,Concepcion,L1,2026-04-04 20:25:39,20221502,La Leonera,L1,2026-04-04 20:49:59,20220301,Salida,TH→HQ,EMV,
1575322,Hualqui,L1,2026-04-04 08:58:20,20220002,Los Condores,L1,2026-04-04 10:13:37,20222703,Salida,HQ→TH,EMV,
1575327,Concepcion,L1,2026-04-04 16:25:50,20221507,Manquimavida,L1,2026-04-04 16:46:45,20220602,Salida,TH→HQ,EMV,
1577197,Hualqui,L1,2026-04-04 08:44:00,20220003,UTF Santa Maria,L1,2026-04-04 10:09:23,20222402,Salida,HQ→TH,EMV,
1577246,Pedro Medina,L1,2026-04-04 09:31:48,20220901,UTF Santa Maria,L1,2026-04-04 10:09:13,20222403,Salida,HQ→TH,EMV,
1577247,Pedro Medina,L1,2026-04-04 09:37:22,20220901,El Arenal,L1,2026-04-04 10:21:38,20223302,Salida,HQ→TH,EMV,
1577247,El Arenal,L1,2026-04-04 12:17:11,20223303,Pedro Medina,L1,2026-04-04 13:12:20,20220902,Salida,TH→HQ,EMV,
1577248,Chiguayante,L1,2026-04-04 09:38:14,20221202,UTF Santa Maria,L1,2026-04-04 10:09:08,20222402,Salida,HQ→TH,EMV,
1577747,El Arenal,L1,2026-04-04 11:52:44,20223303,Lzo. Arenas,L1,2026-04-04 12:48:53,20222103,Salida,TH→HQ,EMV,
1577748,Manquimavida,L1,2026-04-04 12:21:15,20220602,El Arenal,L1,2026-04-04 13:12:10,20223301,Salida,HQ→TH,EMV,
1577749,Manquimavida,L1,2026-04-04 12:23:48,20220602,Mercado,L1,2026-04-04 13:16:24,20223603,Salida,HQ→TH,EMV,
1577750,Pedro Medina,L1,2026-04-04 12:25:46,20220902,Mercado,L1,2026-04-04 13:15:49,20223601,Salida,HQ→TH,EMV,
1577751,Concepcion,L1,2026-04-04 12:30:17,20221503,Mercado,L1,2026-04-04 13:17:31,20223603,Salida,HQ→TH,EMV,
1577752,La Leonera,L1,2026-04-04 12:29:35,20220303,Mercado,L1,2026-04-04 13:16:04,20223603,Salida,HQ→TH,EMV,
1577756,Concepcion,L1,2026-04-04 12:41:23,20221507,Mercado,L1,2026-04-04 13:16:42,20223602,Salida,HQ→TH,EMV,
1577759,Concepcion,L1,2026-04-04 20:17:14,20221801,Chiguayante,L1,2026-04-04 20:42:32,20221202,Salida,TH→HQ,EMV,
1578028,Chiguayante,L1,2026-04-04 12:52:32,20221201,Hualqui,L1,2026-04-04 13:28:44,20220002,Salida,TH→HQ,EMV,
1578610,Los Condores,L1,2026-04-04 15:52:38,20222702,Concepcion,L1,2026-04-04 16:26:14,20221802,Salida,TH→HQ,EMV,
1578613,Mercado,L1,2026-04-04 15:51:14,20223602,Concepcion,L1,2026-04-04 16:26:22,20221801,Salida,TH→HQ,EMV,
1578615,Mercado,L1,2026-04-04 15:52:30,20223601,Concepcion,L1,2026-04-04 16:26:36,20221802,Salida,TH→HQ,EMV,
1578859,UTF Santa Maria,L1,2026-04-04 16:06:28,20222402,Manquimavida,L1,2026-04-04 16:46:09,20220601,Salida,TH→HQ,EMV,
1578864,Concepcion,,2026-04-04 16:18:32,20221504,Concepcion,,2026-04-04 16:27:58,20221802,Salida,,EMV,
1578866,Hualqui,L1,2026-04-04 16:49:56,20220001,Concepcion,L1,2026-04-04 17:33:51,20221517,Salida,HQ→TH,EMV,
1578866,Concepcion,L1,2026-04-04 20:17:50,20221511,Hualqui,L1,2026-04-04 21:03:59,20220002,Salida,TH→HQ,EMV,
1579067,La Leonera,L1,2026-04-04 17:06:16,20220301,Mercado,L1,2026-04-04 17:57:04,20223601,Salida,HQ→TH,EMV,
1579067,Mercado,L1,2026-04-04 19:51:20,20223602,La Leonera,L1,2026-04-04 20:51:32,20220303,Salida,TH→HQ,EMV,
1579069,Concepcion,L1,2026-04-04 17:25:47,20221503,Mercado,L1,2026-04-04 17:56:43,20223601,Salida,HQ→TH,EMV,
1579070,Concepcion,L1,2026-04-04 17:25:12,20221511,UTF Santa Maria,L1,2026-04-04 17:42:21,20222402,Salida,HQ→TH,EMV,
1579074,UTF Santa Maria,L1,2026-04-04 17:35:14,20222401,Mercado,L1,2026-04-04 17:55:40,20223603,Salida,HQ→TH,EMV,
1579437,Mercado,L1,2026-04-04 19:25:54,20223601,Lzo. Arenas,L1,2026-04-04 20:22:04,20222103,Salida,TH→HQ,EMV,
1579601,Los Condores,L1,2026-04-04 19:53:45,20222702,La Leonera,L1,2026-04-04 20:50:03,20220303,Salida,TH→HQ,EMV,
1579602,Hualqui,L1,2026-04-04 20:04:23,20220001,Concepcion,L1,2026-04-04 21:01:25,20221511,Salida,HQ→TH,EMV,
1579603,Mercado,L1,2026-04-04 19:55:09,20223602,La Leonera,L1,2026-04-04 20:50:39,20220302,Salida,TH→HQ,EMV,
1579604,Concepcion,L1,2026-04-04 20:17:33,20221801,Chiguayante,L1,2026-04-04 20:42:25,20221202,Salida,TH→HQ,EMV,
1579605,Concepcion,L1,2026-04-04 20:15:20,20221507,Hualqui,L1,2026-04-04 21:02:12,20220001,Salida,TH→HQ,EMV,
53035301,Higueras,L1,2026-04-04 16:08:35,20223001,Concepcion,L1,2026-04-04 16:24:53,20221802,Salida,TH→HQ,Conecta,
53036993,Mercado,L1,2026-04-04 12:23:51,20223602,Hualqui,L1,2026-04-04 13:28:28,20220002,Salida,TH→HQ,Conecta,
53037990,Chiguayante,L1,2026-04-04 09:21:57,20221202,Concepcion,L1,2026-04-04 10:01:00,20221502,Salida,HQ→TH,Conecta,
53037990,Concepcion,L1,2026-04-04 12:32:54,20221511,Chiguayante,L1,2026-04-04 13:10:03,20221202,Salida,TH→HQ,Conecta,
53043263,Hualqui,L1,2026-04-04 12:15:46,20220002,Concepcion,L1,2026-04-04 12:49:39,20221511,Salida,HQ→TH,Conecta,
53045304,UTF Santa Maria,L1,2026-04-04 09:53:23,20222401,El Arenal,L1,2026-04-04 10:22:02,20223303,Salida,HQ→TH,Conecta,
53045304,El Arenal,L1,2026-04-04 15:59:39,20223303,UTF Santa Maria,L1,2026-04-04 16:16:36,20222401,Salida,TH→HQ,Conecta,
53045950,Hualqui,L1,2026-04-04 08:44:15,20220003,UTF Santa Maria,L1,2026-04-04 10:09:27,20222402,Salida,HQ→TH,Conecta,
53046723,Concepcion,L1,2026-04-04 08:45:20,20221507,Hualqui,L1,2026-04-04 09:29:47,20220003,Salida,TH→HQ,Conecta,
53046723,Hualqui,L1,2026-04-04 16:31:44,20220003,Concepcion,L1,2026-04-04 17:30:21,20221507,Salida,HQ→TH,Conecta,
53046759,Lzo. Arenas,L1,2026-04-04 16:16:05,20222102,La Leonera,L1,2026-04-04 16:49:21,20220301,Salida,TH→HQ,Conecta,
53049966,Chiguayante,L1,2026-04-04 12:35:19,20221204,Concepcion,L1,2026-04-04 12:49:36,20221507,Salida,HQ→TH,Conecta,
53050002,Higueras,L1,2026-04-04 10:08:02,20223002,Mercado,L1,2026-04-04 10:24:06,20223603,Salida,HQ→TH,Conecta,
53050191,Higueras,L1,2026-04-04 20:06:48,20223002,Lzo. Arenas,L1,2026-04-04 20:22:19,20222103,Salida,TH→HQ,Conecta,
53050516,Los Condores,L1,2026-04-04 19:53:37,20222701,Hualqui,L1,2026-04-04 21:02:08,20220003,Salida,TH→HQ,Conecta,
53051482,Lzo. Arenas,L1,2026-04-04 12:52:31,20222103,Mercado,L1,2026-04-04 13:14:51,20223603,Salida,HQ→TH,Conecta,
53051482,Mercado,L1,2026-04-04 15:50:20,20223602,Lzo. Arenas,L1,2026-04-04 16:21:26,20222103,Salida,TH→HQ,Conecta,
53052084,Hualqui,L1,2026-04-04 12:05:33,20220001,Higueras,L1,2026-04-04 13:08:29,20223003,Salida,HQ→TH,Conecta,
53052095,La Leonera,L1,2026-04-04 09:40:28,20220302,Los Condores,L1,2026-04-04 10:12:59,20222703,Salida,HQ→TH,Conecta,
53052481,Manquimavida,L1,2026-04-04 09:30:56,20220601,Lzo. Arenas,L1,2026-04-04 10:04:55,20222101,Salida,HQ→TH,Conecta,
53052481,Lzo. Arenas,L1,2026-04-04 19:56:51,20222102,Manquimavida,L1,2026-04-04 20:47:46,20220602,Salida,TH→HQ,Conecta,
53052532,Mercado,L1,2026-04-04 15:35:02,20223602,Manquimavida,L1,2026-04-04 16:45:51,20220603,Salida,TH→HQ,Conecta,
54333333,Concepcion,L1,2026-04-04 12:57:24,20221504,Manquimavida,L1,2026-04-04 13:15:09,20220602,Salida,TH→HQ,Conecta,
54405405,Lzo. Arenas,L1,2026-04-04 12:39:20,20222101,Chiguayante,L1,2026-04-04 13:09:51,20221202,Salida,TH→HQ,Conecta,
54442486,Los Condores,L1,2026-04-04 12:25:55,20222703,Concepcion,L1,2026-04-04 12:57:37,20221507,Salida,TH→HQ,Conecta,
54449670,Pedro Medina,L1,2026-04-04 08:48:24,20220901,Concepcion,L1,2026-04-04 10:01:36,20221801,Salida,HQ→TH,Conecta,
54489672,Hualqui,L1,2026-04-04 12:14:13,20220002,Concepcion,L1,2026-04-04 12:49:04,20221802,Salida,HQ→TH,Conecta,
54497895,Higueras,L1,2026-04-04 20:03:21,20223001,Manquimavida,L1,2026-04-04 20:48:40,20220601,Salida,TH→HQ,Conecta,
54500482,La Leonera,L1,2026-04-04 17:04:46,20220303,Concepcion,L1,2026-04-04 17:31:47,20221801,Salida,HQ→TH,Conecta,
54508483,La Leonera,L1,2026-04-04 17:11:01,20220302,Mercado,L1,2026-04-04 17:56:53,20223603,Salida,HQ→TH,Conecta,
54508483,Mercado,L1,2026-04-04 19:59:34,20223603,La Leonera,L1,2026-04-04 20:51:05,20220303,Salida,TH→HQ,Conecta,
54510804,Manquimavida,L1,2026-04-04 17:00:20,20220602,Concepcion,L1,2026-04-04 17:30:57,20221517,Salida,HQ→TH,Conecta,
54512503,La Leonera,L1,2026-04-04 12:20:40,20220302,Concepcion,L1,2026-04-04 12:48:26,20221802,Salida,HQ→TH,Conecta,
54512503,Concepcion,L1,2026-04-04 16:22:29,20221802,Chiguayante,L1,2026-04-04 16:40:08,20221201,Salida,TH→HQ,Conecta,
54512503,Chiguayante,L1,2026-04-04 20:23:39,20221204,La Leonera,L1,2026-04-04 20:49:48,20220301,Salida,TH→HQ,Conecta,
54521234,Manquimavida,L1,2026-04-04 20:36:08,20220601,Los Condores,L1,2026-04-04 21:16:11,20222703,Salida,HQ→TH,Conecta,
54527167,Lzo. Arenas,L1,2026-04-04 17:33:20,20222101,Mercado,L1,2026-04-04 17:56:08,20223603,Salida,HQ→TH,Conecta,
54529797,La Leonera,L1,2026-04-04 12:25:33,20220302,Concepcion,L1,2026-04-04 12:58:36,20221502,Salida,HQ→TH,Conecta,
54550818,Chiguayante,L1,2026-04-04 12:32:09,20221202,Concepcion,L1,2026-04-04 13:01:35,20221801,Salida,HQ→TH,Conecta,
54550927,Pedro Medina,L1,2026-04-04 20:39:57,20220903,Hualqui,L1,2026-04-04 21:02:47,20220001,Salida,TH→HQ,Conecta,
54552216,Concepcion,L1,2026-04-04 12:39:31,20221503,Hualqui,L1,2026-04-04 13:31:22,20220003,Salida,TH→HQ,Conecta,
54555196,Mercado,L1,2026-04-04 19:50:13,20223602,Pedro Medina,L1,2026-04-04 20:44:40,20220902,Salida,TH→HQ,Conecta,
54556689,La Leonera,L1,2026-04-04 12:20:56,20220302,UTF Santa Maria,L1,2026-04-04 13:01:19,20222402,Salida,HQ→TH,Conecta,
54559206,Hualqui,L1,2026-04-04 20:16:26,20220002,Lzo. Arenas,L1,2026-04-04 21:09:42,20222102,Salida,HQ→TH,Conecta,
54566242,La Leonera,L1,2026-04-04 12:20:57,20220303,UTF Santa Maria,L1,2026-04-04 13:01:20,20222403,Salida,HQ→TH,Conecta,
54567070,Higueras,L1,2026-04-04 20:06:55,20223002,Chiguayante,L1,2026-04-04 20:42:04,20221204,Salida,TH→HQ,Conecta,
54568182,Los Condores,L1,2026-04-04 08:41:39,20222701,Concepcion,L1,2026-04-04 08:54:42,20221507,Salida,TH→HQ,Conecta,
54573233,Mercado,L1,2026-04-04 19:50:39,20223603,Manquimavida,L1,2026-04-04 20:47:25,20220603,Salida,TH→HQ,Conecta,
54584857,Mercado,L1,2026-04-04 19:38:52,20223602,Lzo. Arenas,L1,2026-04-04 20:22:08,20222102,Salida,TH→HQ,Conecta,
54587758,Concepcion,L1,2026-04-04 20:11:46,20221802,Hualqui,L1,2026-04-04 21:01:46,20220003,Salida,TH→HQ,Conecta,
54587808,La Leonera,L1,2026-04-04 17:08:26,20220301,Mercado,L1,2026-04-04 17:55:46,20223602,Salida,HQ→TH,Conecta,
54588497,UTF Santa Maria,L1,2026-04-04 16:14:52,20222402,Hualqui,L1,2026-04-04 17:00:10,20220003,Salida,TH→HQ,Conecta,
54588785,Manquimavida,L1,2026-04-04 16:59:52,20220601,UTF Santa Maria,L1,2026-04-04 17:41:36,20222401,Salida,HQ→TH,Conecta,
54588821,Pedro Medina,L1,2026-04-04 12:27:53,20220901,Concepcion,L1,2026-04-04 12:48:30,20221503,Salida,HQ→TH,Conecta,
54588821,Concepcion,L1,2026-04-04 16:21:40,20221504,Chiguayante,L1,2026-04-04 16:41:48,20221202,Salida,TH→HQ,Conecta,
54592802,El Arenal,L1,2026-04-04 10:19:09,20223303,Mercado,L1,2026-04-04 10:24:19,20223602,Salida,HQ→TH,Conecta,
54595831,El Arenal,L1,2026-04-04 12:23:02,20223302,Concepcion,L1,2026-04-04 12:55:28,20221512,Salida,TH→HQ,Conecta,
54601813,Higueras,L1,2026-04-04 10:09:12,20223001,Mercado,L1,2026-04-04 10:24:08,20223602,Salida,HQ→TH,Conecta,
56052121,Hualqui,L1,2026-04-04 08:58:30,20220002,Los Condores,L1,2026-04-04 10:13:38,20222702,Salida,HQ→TH,Conecta,
56061841,El Arenal,L1,2026-04-04 19:56:59,20223301,Manquimavida,L1,2026-04-04 20:47:24,20220601,Salida,TH→HQ,Conecta,
56066834,Hualqui,L1,2026-04-04 09:07:52,20220001,Los Condores,L1,2026-04-04 10:13:33,20222701,Salida,HQ→TH,Conecta,
56068193,Los Condores,L1,2026-04-04 12:39:56,20222702,Mercado,L1,2026-04-04 13:15:11,20223603,Salida,HQ→TH,Conecta,
56071094,Hualqui,L1,2026-04-04 12:04:22,20220001,Mercado,L1,2026-04-04 13:14:52,20223601,Salida,HQ→TH,Conecta,
56071246,Higueras,L1,2026-04-04 19:51:27,20223002,Los Condores,L1,2026-04-04 20:14:00,20222702,Salida,TH→HQ,Conecta,
56071304,Los Condores,L1,2026-04-04 12:39:56,20222701,Mercado,L1,2026-04-04 13:15:16,20223603,Salida,HQ→TH,Conecta,
56080389,Higueras,L1,2026-04-04 20:07:42,20223002,Pedro Medina,L1,2026-04-04 20:44:16,20220903,Salida,TH→HQ,Conecta,
56080457,Hualqui,L1,2026-04-04 12:11:10,20220002,Concepcion,L1,2026-04-04 12:49:45,20221801,Salida,HQ→TH,Conecta,
56080458,Hualqui,L1,2026-04-04 12:11:16,20220002,Concepcion,L1,2026-04-04 12:49:51,20221801,Salida,HQ→TH,Conecta,
56081036,Higueras,L1,2026-04-04 10:07:59,20223001,El Arenal,L1,2026-04-04 10:21:14,20223301,Salida,HQ→TH,Conecta,
56081655,Los Condores,L1,2026-04-04 15:58:29,20222702,UTF Santa Maria,L1,2026-04-04 16:16:37,20222402,Salida,TH→HQ,Conecta,
58017853,Manquimavida,L1,2026-04-04 13:11:38,20220601,Hualqui,L1,2026-04-04 13:31:31,20220003,Salida,TH→HQ,Conecta,
58028674,Hualqui,L1,2026-04-04 12:11:04,20220001,Mercado,L1,2026-04-04 13:14:45,20223603,Salida,HQ→TH,Conecta,
58031442,Manquimavida,L1,2026-04-04 12:19:45,20220602,Lzo. Arenas,L1,2026-04-04 12:57:03,20222102,Salida,HQ→TH,Conecta,
232338184,Mercado,L1,2026-04-04 19:51:56,20223601,Chiguayante,L1,2026-04-04 20:41:44,20221201,Salida,TH→HQ,TNE,
242376693,Mercado,L1,2026-04-04 19:50:59,20223601,Manquimavida,L1,2026-04-04 20:47:29,20220602,Salida,TH→HQ,TNE,
242460979,Hualqui,L1,2026-04-04 09:21:03,20220003,Concepcion,L1,2026-04-04 09:58:58,20221507,Salida,HQ→TH,TNE,
252206330,Pedro Medina,L1,2026-04-04 16:38:10,20220901,Hualqui,L1,2026-04-04 17:00:03,20220002,Salida,TH→HQ,TNE,
252264581,Mercado,L1,2026-04-04 19:50:19,20223602,Pedro Medina,L1,2026-04-04 20:44:55,20220902,Salida,TH→HQ,TNE,
252264597,Concepcion,L1,2026-04-04 12:39:18,20221503,Hualqui,L1,2026-04-04 13:31:19,20220002,Salida,TH→HQ,TNE,
252266404,Pedro Medina,L1,2026-04-04 13:07:39,20220901,La Leonera,L1,2026-04-04 13:17:23,20220302,Salida,TH→HQ,TNE,
252309598,UTF Santa Maria,L1,2026-04-04 12:38:04,20222401,La Leonera,L1,2026-04-04 13:17:58,20220303,Salida,TH→HQ,TNE,
252406050,Concepcion,L1,2026-04-04 20:24:10,20221502,Hualqui,L1,2026-04-04 21:02:15,20220003,Salida,TH→HQ,TNE,
252436186,Concepcion,L1,2026-04-04 17:24:20,20221511,UTF Santa Maria,L1,2026-04-04 17:42:18,20222403,Salida,HQ→TH,TNE,
252436186,UTF Santa Maria,L1,2026-04-04 19:50:55,20222401,Hualqui,L1,2026-04-04 21:01:52,20220001,Salida,TH→HQ,TNE,
252454230,UTF Santa Maria,L1,2026-04-04 20:08:38,20222401,Hualqui,L1,2026-04-04 21:01:59,20220003,Salida,TH→HQ,TNE,
252461021,Los Condores,L1,2026-04-04 08:34:26,20222702,Concepcion,L1,2026-04-04 08:54:52,20221802,Salida,TH→HQ,TNE,
252473065,Concepcion,,2026-04-04 16:17:39,20221511,Concepcion,,2026-04-04 16:27:45,20221802,Salida,,TNE,
252491444,Hualqui,L1,2026-04-04 12:15:29,20220001,Concepcion,L1,2026-04-04 12:48:07,20221511,Salida,HQ→TH,TNE,
252494077,La Leonera,L1,2026-04-04 12:29:22,20220303,Mercado,L1,2026-04-04 13:15:38,20223603,Salida,HQ→TH,TNE,
252500197,Concepcion,L1,2026-04-04 20:02:26,20221503,Hualqui,L1,2026-04-04 21:02:18,20220003,Salida,TH→HQ,TNE,
252510251,Manquimavida,L1,2026-04-04 13:09:05,20220601,Hualqui,L1,2026-04-04 13:28:52,20220002,Salida,TH→HQ,TNE,
282074517,Concepcion,L1,2026-04-04 08:51:07,20221502,Chiguayante,L1,2026-04-04 09:08:49,20221201,Salida,TH→HQ,TNE,
282183489,Concepcion,L1,2026-04-04 20:10:26,20221802,Hualqui,L1,2026-04-04 21:02:38,20220002,Salida,TH→HQ,TNE,
312281704,Concepcion,L1,2026-04-04 16:11:44,20221802,Chiguayante,L1,2026-04-04 16:40:33,20221204,Salida,TH→HQ,TNE,
312405378,Hualqui,L1,2026-04-04 08:43:58,20220002,UTF Santa Maria,L1,2026-04-04 10:09:35,20222402,Salida,HQ→TH,TNE,
312436115,Lzo. Arenas,L1,2026-04-04 16:13:06,20222101,Manquimavida,L1,2026-04-04 16:45:54,20220602,Salida,TH→HQ,TNE,
312478007,Concepcion,,2026-04-04 12:54:11,20221802,Concepcion,,2026-04-04 21:06:45,20221502,Salida,,TNE,
312485352,La Leonera,L1,2026-04-04 17:05:41,20220301,Lzo. Arenas,L1,2026-04-04 17:38:44,20222103,Salida,HQ→TH,TNE,
312559586,Higueras,L1,2026-04-04 16:04:45,20223001,Concepcion,L1,2026-04-04 16:26:00,20221507,Salida,TH→HQ,TNE,
312568730,Los Condores,L1,2026-04-04 16:10:31,20222702,Chiguayante,L1,2026-04-04 16:40:54,20221201,Salida,TH→HQ,TNE,
312617536,Mercado,L1,2026-04-04 12:26:50,20223603,Hualqui,L1,2026-04-04 13:28:27,20220003,Salida,TH→HQ,TNE,
312622086,Hualqui,L1,2026-04-04 20:24:44,20220001,Concepcion,L1,2026-04-04 21:00:31,20221502,Salida,HQ→TH,TNE,
312629242,Hualqui,L1,2026-04-04 12:10:00,20220002,Lzo. Arenas,L1,2026-04-04 12:56:45,20222103,Salida,HQ→TH,TNE,
312659521,Concepcion,,2026-04-04 20:08:50,20221801,Concepcion,,2026-04-04 20:10:06,20221511,Salida,,TNE,
312688645,Pedro Medina,L1,2026-04-04 16:38:14,20220901,Hualqui,L1,2026-04-04 17:00:06,20220002,Salida,TH→HQ,TNE,
312743047,Higueras,L1,2026-04-04 19:54:38,20223002,Manquimavida,L1,2026-04-04 20:47:05,20220602,Salida,TH→HQ,TNE,
312743252,Concepcion,L1,2026-04-04 16:12:42,20221801,Chiguayante,L1,2026-04-04 16:40:13,20221204,Salida,TH→HQ,TNE,
312743318,Concepcion,,2026-04-04 09:52:45,20221517,Concepcion,,2026-04-04 09:53:02,20221502,Salida,,TNE,
312744402,Concepcion,L1,2026-04-04 20:17:29,20221503,Hualqui,L1,2026-04-04 21:01:48,20220001,Salida,TH→HQ,TNE,
312744467,Concepcion,L1,2026-04-04 20:28:26,20221504,Manquimavida,L1,2026-04-04 20:47:03,20220601,Salida,TH→HQ,TNE,
312785215,Higueras,L1,2026-04-04 20:07:17,20223001,Hualqui,L1,2026-04-04 21:01:46,20220002,Salida,TH→HQ,TNE,
2000000504,UTF Santa Maria,L1,2026-04-04 12:41:32,20222401,Hualqui,L1,2026-04-04 13:28:24,20220001,Salida,TH→HQ,Conecta,
2000000935,Concepcion,,2026-04-04 17:33:02,20221801,Concepcion,,2026-04-04 17:34:10,20221511,Salida,,Conecta,
2000004251,Concepcion,,2026-04-04 16:08:29,20221507,Concepcion,,2026-04-04 16:27:42,20221517,Salida,,Conecta,
2000011515,Higueras,L1,2026-04-04 12:56:58,20223001,Mercado,L1,2026-04-04 13:14:59,20223603,Salida,HQ→TH,Conecta,
2000012559,Hualqui,L1,2026-04-04 09:27:15,20220003,Pedro Medina,L1,2026-04-04 09:46:46,20220903,Salida,HQ→TH,Conecta,
2000012559,Pedro Medina,L1,2026-04-04 20:32:55,20220903,Hualqui,L1,2026-04-04 21:02:25,20220003,Salida,TH→HQ,Conecta,
2000014914,Hualqui,L1,2026-04-04 09:04:09,20220002,El Arenal,L1,2026-04-04 10:21:37,20223301,Salida,HQ→TH,Conecta,
2000015186,La Leonera,L1,2026-04-04 17:08:33,20220301,Mercado,L1,2026-04-04 17:55:49,20223601,Salida,HQ→TH,Conecta,
2000015186,Mercado,L1,2026-04-04 19:55:04,20223603,La Leonera,L1,2026-04-04 20:50:37,20220303,Salida,TH→HQ,Conecta,
2000016998,Concepcion,L1,2026-04-04 12:39:28,20221802,Chiguayante,L1,2026-04-04 13:10:49,20221202,Salida,TH→HQ,Conecta,
2000021682,Hualqui,L1,2026-04-04 12:05:52,20220002,Higueras,L1,2026-04-04 13:08:28,20223002,Salida,HQ→TH,Conecta,
2000022148,La Leonera,L1,2026-04-04 17:05:39,20220303,Mercado,L1,2026-04-04 17:56:15,20223601,Salida,HQ→TH,Conecta,
2000033036,La Leonera,L1,2026-04-04 12:20:42,20220301,Concepcion,L1,2026-04-04 12:48:32,20221802,Salida,HQ→TH,Conecta,
2000033036,Concepcion,L1,2026-04-04 16:22:29,20221801,Chiguayante,L1,2026-04-04 16:40:11,20221202,Salida,TH→HQ,Conecta,
2000033036,Chiguayante,L1,2026-04-04 20:23:47,20221204,La Leonera,L1,2026-04-04 20:49:48,20220302,Salida,TH→HQ,Conecta,
2000035058,Lzo. Arenas,L1,2026-04-04 20:14:45,20222101,La Leonera,L1,2026-04-04 20:50:38,20220301,Salida,TH→HQ,Conecta,
2000040162,La Leonera,L1,2026-04-04 17:11:06,20220302,Mercado,L1,2026-04-04 17:57:06,20223603,Salida,HQ→TH,Conecta,
2000040162,Mercado,L1,2026-04-04 19:59:32,20223602,La Leonera,L1,2026-04-04 20:52:23,20220303,Salida,TH→HQ,Conecta,
2000044116,Mercado,L1,2026-04-04 19:39:01,20223602,Lzo. Arenas,L1,2026-04-04 20:22:09,20222103,Salida,TH→HQ,Conecta,
2000046760,Concepcion,L1,2026-04-04 12:43:54,20221802,Mercado,L1,2026-04-04 13:17:12,20223602,Salida,HQ→TH,Conecta,
2000046760,Mercado,L1,2026-04-04 19:55:18,20223602,Concepcion,L1,2026-04-04 20:36:39,20221502,Salida,TH→HQ,Conecta,
2000048895,Chiguayante,L1,2026-04-04 12:31:27,20221203,Concepcion,L1,2026-04-04 12:50:06,20221511,Salida,HQ→TH,Conecta,
2000050035,Concepcion,L1,2026-04-04 12:33:58,20221511,Manquimavida,L1,2026-04-04 13:14:21,20220601,Salida,TH→HQ,Conecta,
2000050405,Concepcion,L1,2026-04-04 08:54:22,20221517,Hualqui,L1,2026-04-04 09:30:13,20220002,Salida,TH→HQ,Conecta,
2000050405,Hualqui,L1,2026-04-04 16:53:10,20220002,Concepcion,L1,2026-04-04 17:30:32,20221517,Salida,HQ→TH,Conecta,
2000051609,Hualqui,L1,2026-04-04 09:25:46,20220002,Lzo. Arenas,L1,2026-04-04 10:06:41,20222101,Salida,HQ→TH,Conecta,
2000052313,Concepcion,L1,2026-04-04 16:27:47,20221801,Hualqui,L1,2026-04-04 17:00:14,20220002,Salida,TH→HQ,Conecta,
2000052945,Concepcion,L1,2026-04-04 08:51:11,20221502,Chiguayante,L1,2026-04-04 09:08:40,20221201,Salida,TH→HQ,Conecta,
2000058281,Hualqui,L1,2026-04-04 12:16:57,20220001,El Arenal,L1,2026-04-04 13:11:39,20223302,Salida,HQ→TH,Conecta,
2000058282,Hualqui,L1,2026-04-04 12:17:06,20220001,El Arenal,L1,2026-04-04 13:11:44,20223303,Salida,HQ→TH,Conecta,
2000058748,Concepcion,L1,2026-04-04 20:47:29,20221802,Mercado,L1,2026-04-04 21:26:44,20223602,Salida,HQ→TH,Conecta,
2000064727,Mercado,L1,2026-04-04 08:25:52,20223601,Concepcion,L1,2026-04-04 08:57:38,20221802,Salida,TH→HQ,Conecta,
2000067517,Concepcion,,2026-04-04 12:23:16,20221802,Concepcion,,2026-04-04 12:23:56,20221513,Salida,,Conecta,
2000068725,Higueras,L1,2026-04-04 15:54:49,20223002,Concepcion,L1,2026-04-04 16:26:07,20221517,Salida,TH→HQ,Conecta,
2000068725,Concepcion,L1,2026-04-04 17:27:39,20221507,Higueras,L1,2026-04-04 17:48:58,20223003,Salida,HQ→TH,Conecta,
2000072915,Concepcion,L1,2026-04-04 20:01:59,20221507,Pedro Medina,L1,2026-04-04 20:44:56,20220901,Salida,TH→HQ,Conecta,
2000088104,Mercado,L1,2026-04-04 08:25:41,20223602,Concepcion,L1,2026-04-04 09:03:34,20221510,Salida,TH→HQ,Conecta,
2000092158,Hualqui,L1,2026-04-04 16:56:46,20220003,Concepcion,L1,2026-04-04 17:30:18,20221511,Salida,HQ→TH,Conecta,
2000093575,Hualqui,L1,2026-04-04 09:21:15,20220002,Concepcion,L1,2026-04-04 10:01:09,20221802,Salida,HQ→TH,Conecta,
2000093575,Concepcion,,2026-04-04 17:29:30,20221802,Concepcion,,2026-04-04 17:31:53,20221511,Salida,,Conecta,
2000093834,Mercado,L1,2026-04-04 12:22:29,20223601,Concepcion,L1,2026-04-04 12:55:20,20221511,Salida,TH→HQ,Conecta,
2000094795,El Arenal,L1,2026-04-04 16:03:07,20223303,Hualqui,L1,2026-04-04 17:02:22,20220003,Salida,TH→HQ,Conecta,
2000106576,Concepcion,L1,2026-04-04 20:54:27,20221802,UTF Santa Maria,L1,2026-04-04 21:12:36,20222402,Salida,HQ→TH,Conecta,
2000111476,Mercado,L1,2026-04-04 08:18:14,20223603,Concepcion,L1,2026-04-04 08:57:17,20221501,Salida,TH→HQ,Conecta,
2000112203,La Leonera,L1,2026-04-04 12:26:04,20220303,Manquimavida,L1,2026-04-04 12:33:11,20220601,Salida,HQ→TH,Conecta,
2000119605,La Leonera,L1,2026-04-04 09:38:40,20220303,Concepcion,L1,2026-04-04 09:59:09,20221502,Salida,HQ→TH,Conecta,
2000120654,Hualqui,L1,2026-04-04 12:11:28,20220001,El Arenal,L1,2026-04-04 13:11:29,20223301,Salida,HQ→TH,Conecta,
2000120654,El Arenal,L1,2026-04-04 19:56:44,20223303,Hualqui,L1,2026-04-04 21:02:28,20220002,Salida,TH→HQ,Conecta,
2000122989,El Arenal,L1,2026-04-04 12:22:38,20223301,Concepcion,L1,2026-04-04 12:55:54,20221507,Salida,TH→HQ,Conecta,
2000123285,Pedro Medina,L1,2026-04-04 20:44:48,20220901,Concepcion,L1,2026-04-04 21:00:32,20221507,Salida,HQ→TH,Conecta,
2000123714,Concepcion,L1,2026-04-04 16:10:03,20221507,La Leonera,L1,2026-04-04 16:48:35,20220303,Salida,TH→HQ,Conecta,
2000127442,Mercado,L1,2026-04-04 08:15:36,20223602,Chiguayante,L1,2026-04-04 09:08:08,20221201,Salida,TH→HQ,Conecta,
2000134728,Manquimavida,L1,2026-04-04 17:12:17,20220602,Lzo. Arenas,L1,2026-04-04 17:37:37,20222102,Salida,HQ→TH,Conecta,
2000134728,Lzo. Arenas,L1,2026-04-04 20:16:24,20222101,Manquimavida,L1,2026-04-04 20:47:40,20220601,Salida,TH→HQ,Conecta,
2000135447,La Leonera,L1,2026-04-04 17:09:16,20220302,Concepcion,L1,2026-04-04 17:32:09,20221801,Salida,HQ→TH,Conecta,
2000143076,Hualqui,L1,2026-04-04 09:14:34,20220001,Concepcion,L1,2026-04-04 09:59:56,20221511,Salida,HQ→TH,Conecta,
2000143076,Concepcion,L1,2026-04-04 20:45:20,20221511,Lzo. Arenas,L1,2026-04-04 21:09:52,20222102,Salida,HQ→TH,Conecta,
2000157284,La Leonera,L1,2026-04-04 09:23:00,20220303,Concepcion,L1,2026-04-04 10:00:11,20221507,Salida,HQ→TH,Conecta,
2000157976,Mercado,L1,2026-04-04 15:34:20,20223602,Chiguayante,L1,2026-04-04 16:41:21,20221201,Salida,TH→HQ,Conecta,
2000161755,Hualqui,L1,2026-04-04 12:01:33,20220003,UTF Santa Maria,L1,2026-04-04 13:01:42,20222402,Salida,HQ→TH,Conecta,
2000161755,UTF Santa Maria,L1,2026-04-04 20:12:42,20222401,Hualqui,L1,2026-04-04 21:01:51,20220003,Salida,TH→HQ,Conecta,
2000163130,El Arenal,L1,2026-04-04 19:54:48,20223302,Concepcion,L1,2026-04-04 20:27:14,20221502,Salida,TH→HQ,Conecta,
2000165574,Chiguayante,L1,2026-04-04 17:18:07,20221204,Mercado,L1,2026-04-04 17:55:45,20223603,Salida,HQ→TH,Conecta,
2000165574,Mercado,L1,2026-04-04 19:34:06,20223603,Concepcion,L1,2026-04-04 20:32:29,20221507,Salida,TH→HQ,Conecta,
2000167978,Mercado,L1,2026-04-04 12:12:54,20223601,Concepcion,L1,2026-04-04 12:54:21,20221801,Salida,TH→HQ,Conecta,
2000169825,Hualqui,L1,2026-04-04 12:11:42,20220001,Mercado,L1,2026-04-04 13:15:53,20223602,Salida,HQ→TH,Conecta,
2000169825,Mercado,L1,2026-04-04 15:51:12,20223601,Hualqui,L1,2026-04-04 16:59:49,20220001,Salida,TH→HQ,Conecta,
2000169845,Hualqui,L1,2026-04-04 16:52:40,20220002,Concepcion,L1,2026-04-04 17:31:39,20221801,Salida,HQ→TH,Conecta,
2000169845,Concepcion,L1,2026-04-04 20:15:13,20221801,Hualqui,L1,2026-04-04 21:02:01,20220001,Salida,TH→HQ,Conecta,
2000169878,Hualqui,L1,2026-04-04 09:04:14,20220002,El Arenal,L1,2026-04-04 10:21:33,20223301,Salida,HQ→TH,Conecta,
2000177684,Los Condores,L1,2026-04-04 16:03:08,20222702,Concepcion,L1,2026-04-04 16:26:31,20221503,Salida,TH→HQ,Conecta,
2000181097,Manquimavida,L1,2026-04-04 12:24:02,20220601,Concepcion,L1,2026-04-04 12:48:36,20221801,Salida,HQ→TH,Conecta,
2000181097,Concepcion,L1,2026-04-04 16:10:11,20221801,La Leonera,L1,2026-04-04 16:49:13,20220302,Salida,TH→HQ,Conecta,
2000182582,Concepcion,L1,2026-04-04 20:24:39,20221502,Manquimavida,L1,2026-04-04 20:47:55,20220601,Salida,TH→HQ,Conecta,
2000182680,Concepcion,L1,2026-04-04 21:02:27,20221802,Los Condores,L1,2026-04-04 21:16:46,20222703,Salida,HQ→TH,Conecta,
2000185449,Mercado,L1,2026-04-04 08:22:55,20223603,Lzo. Arenas,L1,2026-04-04 08:50:37,20222101,Salida,TH→HQ,Conecta,
2000188682,Higueras,L1,2026-04-04 08:24:33,20223002,Concepcion,L1,2026-04-04 08:54:24,20221802,Salida,TH→HQ,Conecta,
2000191386,Manquimavida,L1,2026-04-04 09:35:10,20220601,Concepcion,L1,2026-04-04 10:00:23,20221503,Salida,HQ→TH,Conecta,
2000194039,La Leonera,L1,2026-04-04 17:06:40,20220302,Concepcion,L1,2026-04-04 17:30:36,20221504,Salida,HQ→TH,Conecta,
2000194454,La Leonera,L1,2026-04-04 09:06:51,20220302,Mercado,L1,2026-04-04 10:24:44,20223603,Salida,HQ→TH,Conecta,
2000194454,Mercado,L1,2026-04-04 15:56:11,20223602,La Leonera,L1,2026-04-04 16:48:37,20220302,Salida,TH→HQ,Conecta,
2000195942,Mercado,L1,2026-04-04 19:50:42,20223601,Concepcion,L1,2026-04-04 20:27:47,20221507,Salida,TH→HQ,Conecta,
2000199032,Lzo. Arenas,L1,2026-04-04 19:48:59,20222103,La Leonera,L1,2026-04-04 20:49:52,20220302,Salida,TH→HQ,Conecta,
2000202741,Manquimavida,L1,2026-04-04 20:22:36,20220601,UTF Santa Maria,L1,2026-04-04 21:14:12,20222401,Salida,HQ→TH,Conecta,
2000203693,Pedro Medina,L1,2026-04-04 17:14:08,20220902,Concepcion,L1,2026-04-04 17:33:04,20221507,Salida,HQ→TH,Conecta,
2000204998,Concepcion,L1,2026-04-04 20:22:00,20221802,Hualqui,L1,2026-04-04 21:02:06,20220001,Salida,TH→HQ,Conecta,
2000205336,Concepcion,L1,2026-04-04 20:27:40,20221504,Hualqui,L1,2026-04-04 21:01:53,20220002,Salida,TH→HQ,Conecta,
2000208725,Concepcion,L1,2026-04-04 20:22:32,20221801,Hualqui,L1,2026-04-04 21:01:59,20220002,Salida,TH→HQ,Conecta,
2000210582,Higueras,L1,2026-04-04 20:06:08,20223003,La Leonera,L1,2026-04-04 20:49:48,20220303,Salida,TH→HQ,Conecta,
2000211826,Hualqui,L1,2026-04-04 12:13:44,20220002,El Arenal,L1,2026-04-04 13:11:46,20223302,Salida,HQ→TH,Conecta,
2000215255,Higueras,L1,2026-04-04 12:31:51,20223003,Concepcion,L1,2026-04-04 12:55:07,20221801,Salida,TH→HQ,Conecta,
2000215255,Concepcion,L1,2026-04-04 20:54:49,20221801,Higueras,L1,2026-04-04 21:22:49,20223003,Salida,HQ→TH,Conecta,
2000215695,Concepcion,L1,2026-04-04 12:35:48,20221503,Manquimavida,L1,2026-04-04 13:15:00,20220602,Salida,TH→HQ,Conecta,
2000215847,Mercado,L1,2026-04-04 15:47:22,20223601,Concepcion,L1,2026-04-04 16:26:51,20221802,Salida,TH→HQ,Conecta,
2000217609,Los Condores,L1,2026-04-04 15:55:07,20222701,Hualqui,L1,2026-04-04 16:59:43,20220002,Salida,TH→HQ,Conecta,
2000218749,UTF Santa Maria,L1,2026-04-04 12:41:28,20222401,Concepcion,L1,2026-04-04 12:57:26,20221511,Salida,TH→HQ,Conecta,
2000218882,El Arenal,L1,2026-04-04 08:33:14,20223302,Concepcion,L1,2026-04-04 08:54:19,20221802,Salida,TH→HQ,Conecta,
2000218882,Concepcion,L1,2026-04-04 17:18:57,20221802,El Arenal,L1,2026-04-04 17:52:44,20223302,Salida,HQ→TH,Conecta,
2000220677,La Leonera,L1,2026-04-04 12:19:47,20220302,Mercado,L1,2026-04-04 13:14:41,20223601,Salida,HQ→TH,Conecta,
2000220677,Mercado,L1,2026-04-04 15:32:45,20223602,La Leonera,L1,2026-04-04 16:48:51,20220302,Salida,TH→HQ,Conecta,
2000221624,Hualqui,L1,2026-04-04 16:51:41,20220001,Chiguayante,L1,2026-04-04 17:20:07,20221201,Salida,HQ→TH,Conecta,
2000221724,Concepcion,L1,2026-04-04 12:45:59,20221801,Chiguayante,L1,2026-04-04 13:09:39,20221204,Salida,TH→HQ,Conecta,
2000221860,Concepcion,L1,2026-04-04 20:17:49,20221802,Hualqui,L1,2026-04-04 21:01:55,20220001,Salida,TH→HQ,Conecta,
2000222038,Mercado,L1,2026-04-04 12:03:32,20223602,Concepcion,L1,2026-04-04 12:54:29,20221801,Salida,TH→HQ,Conecta,
2000222038,El Arenal,L1,2026-04-04 15:54:52,20223303,Concepcion,L1,2026-04-04 16:25:32,20221802,Salida,TH→HQ,Conecta,
2000222038,Concepcion,L1,2026-04-04 17:11:36,20221802,Mercado,L1,2026-04-04 17:55:54,20223603,Salida,HQ→TH,Conecta,
2000222908,Hualqui,L1,2026-04-04 09:22:40,20220001,Concepcion,L1,2026-04-04 10:00:02,20221507,Salida,HQ→TH,Conecta,
2000222908,Higueras,L1,2026-04-04 15:55:25,20223003,Hualqui,L1,2026-04-04 16:59:36,20220002,Salida,TH→HQ,Conecta,
2000222954,Hualqui,L1,2026-04-04 20:29:02,20220003,Los Condores,L1,2026-04-04 21:17:49,20222702,Salida,HQ→TH,Conecta,
2000223761,Concepcion,L1,2026-04-04 20:21:59,20221801,La Leonera,L1,2026-04-04 20:50:03,20220302,Salida,TH→HQ,Conecta,
2000223763,Manquimavida,L1,2026-04-04 09:40:47,20220602,Concepcion,L1,2026-04-04 10:00:30,20221507,Salida,HQ→TH,Conecta,
2000224319,La Leonera,L1,2026-04-04 20:39:36,20220303,Chiguayante,L1,2026-04-04 20:49:40,20221204,Salida,HQ→TH,Conecta,
2000226155,Concepcion,,2026-04-04 10:08:05,20221801,Concepcion,,2026-04-04 10:09:28,20221507,Salida,,Conecta,
2000226306,Manquimavida,L1,2026-04-04 12:24:45,20220602,UTF Santa Maria,L1,2026-04-04 13:01:32,20222402,Salida,HQ→TH,Conecta,
2000228044,Concepcion,L1,2026-04-04 12:53:12,20221801,La Leonera,L1,2026-04-04 13:17:09,20220303,Salida,TH→HQ,Conecta,
2000229039,El Arenal,L1,2026-04-04 12:22:46,20223302,Concepcion,L1,2026-04-04 12:56:28,20221501,Salida,TH→HQ,Conecta,
2040089628,Concepcion,,2026-04-04 09:54:28,20221507,Concepcion,,2026-04-04 09:56:05,20221802,Salida,,Conecta,
2040089894,Mercado,L1,2026-04-04 19:51:55,20223602,Chiguayante,L1,2026-04-04 20:41:48,20221201,Salida,TH→HQ,Conecta,
2040102661,Concepcion,,2026-04-04 17:18:04,20221801,Concepcion,,2026-04-04 17:18:35,20221515,Salida,,Conecta,
2040103656,Hualqui,L1,2026-04-04 11:55:57,20220001,Concepcion,L1,2026-04-04 12:50:05,20221517,Salida,HQ→TH,Conecta,
2040103749,Mercado,L1,2026-04-04 19:45:28,20223603,Chiguayante,L1,2026-04-04 20:41:34,20221202,Salida,TH→HQ,Conecta,
2040136819,Mercado,L1,2026-04-04 19:49:51,20223601,La Leonera,L1,2026-04-04 20:49:56,20220303,Salida,TH→HQ,Conecta,
2040137668,Los Condores,L1,2026-04-04 08:38:57,20222702,Concepcion,L1,2026-04-04 08:55:04,20221802,Salida,TH→HQ,Conecta,
2040137668,Concepcion,L1,2026-04-04 10:00:32,20221802,Chiguayante,L1,2026-04-04 20:35:13,20221202,Salida,TH→HQ,Conecta,
2040137668,Chiguayante,L1,2026-04-04 20:36:13,20221202,Los Condores,L1,2026-04-04 21:17:16,20222701,Salida,HQ→TH,Conecta,
2040140958,La Leonera,L1,2026-04-04 17:05:35,20220301,Lzo. Arenas,L1,2026-04-04 17:38:49,20222103,Salida,HQ→TH,Conecta,
2040147473,Hualqui,L1,2026-04-04 12:09:23,20220001,Concepcion,L1,2026-04-04 12:49:50,20221802,Salida,HQ→TH,Conecta,
2040147766,Hualqui,L1,2026-04-04 16:53:08,20220001,Concepcion,L1,2026-04-04 17:36:16,20221504,Salida,HQ→TH,Conecta,
2100002511,Lzo. Arenas,L1,2026-04-04 20:16:11,20222103,Manquimavida,L1,2026-04-04 20:47:35,20220601,Salida,TH→HQ,Conecta,
2100002662,Hualqui,L1,2026-04-04 12:10:04,20220002,Lzo. Arenas,L1,2026-04-04 12:56:46,20222102,Salida,HQ→TH,Conecta,
2100007556,Concepcion,L1,2026-04-04 16:16:56,20221802,Chiguayante,L1,2026-04-04 16:40:01,20221202,Salida,TH→HQ,Conecta,
2100008093,Hualqui,L1,2026-04-04 12:10:09,20220001,Pedro Medina,L1,2026-04-04 12:35:11,20220902,Salida,HQ→TH,Conecta,
2100008094,Hualqui,L1,2026-04-04 12:10:18,20220001,Pedro Medina,L1,2026-04-04 12:35:19,20220902,Salida,HQ→TH,Conecta,
2102001373,Los Condores,L1,2026-04-04 15:58:41,20222701,Concepcion,L1,2026-04-04 16:25:44,20221513,Salida,TH→HQ,Conecta,
2103000181,Manquimavida,L1,2026-04-04 17:12:17,20220601,Lzo. Arenas,L1,2026-04-04 17:37:33,20222103,Salida,HQ→TH,Conecta,
2103000206,Manquimavida,L1,2026-04-04 09:31:12,20220601,Lzo. Arenas,L1,2026-04-04 10:05:07,20222101,Salida,HQ→TH,Conecta,
2103000206,Lzo. Arenas,L1,2026-04-04 19:57:03,20222102,Manquimavida,L1,2026-04-04 20:47:54,20220602,Salida,TH→HQ,Conecta,
2103001302,Lzo. Arenas,L1,2026-04-04 12:11:56,20222102,La Leonera,L1,2026-04-04 13:17:27,20220302,Salida,TH→HQ,Conecta,
2103001302,Chiguayante,L1,2026-04-04 17:09:22,20221202,Lzo. Arenas,L1,2026-04-04 17:37:50,20222103,Salida,HQ→TH,Conecta,
2103002006,La Leonera,L1,2026-04-04 09:31:13,20220302,Higueras,L1,2026-04-04 10:16:54,20223002,Salida,HQ→TH,Conecta,
2103002280,La Leonera,L1,2026-04-04 09:31:08,20220303,Concepcion,L1,2026-04-04 09:59:22,20221503,Salida,HQ→TH,Conecta,
2103002309,Hualqui,L1,2026-04-04 08:44:36,20220002,UTF Santa Maria,L1,2026-04-04 10:09:39,20222401,Salida,HQ→TH,Conecta,
2103003542,El Arenal,L1,2026-04-04 08:27:20,20223302,La Leonera,L1,2026-04-04 09:17:50,20220303,Salida,TH→HQ,Conecta,
2103003542,La Leonera,L1,2026-04-04 19:58:47,20220303,Mercado,L1,2026-04-04 21:26:33,20223601,Salida,HQ→TH,Conecta,
2103003645,Lzo. Arenas,L1,2026-04-04 12:43:46,20222102,Los Condores,L1,2026-04-04 13:04:47,20222701,Salida,HQ→TH,Conecta,
2104004041,Concepcion,L1,2026-04-04 12:28:50,20221801,Mercado,L1,2026-04-04 13:15:32,20223603,Salida,HQ→TH,Conecta,
2106000001,La Leonera,L1,2026-04-04 09:35:59,20220302,Concepcion,L1,2026-04-04 10:00:33,20221511,Salida,HQ→TH,Conecta,
2106000001,Concepcion,L1,2026-04-04 12:44:53,20221504,La Leonera,L1,2026-04-04 13:17:12,20220302,Salida,TH→HQ,Conecta,
2106000029,Lzo. Arenas,L1,2026-04-04 12:44:16,20222102,Hualqui,L1,2026-04-04 13:28:57,20220002,Salida,TH→HQ,Conecta,
2106001038,Concepcion,L1,2026-04-04 20:57:45,20221502,UTF Santa Maria,L1,2026-04-04 21:12:35,20222403,Salida,HQ→TH,Conecta,
2106006614,La Leonera,L1,2026-04-04 16:55:08,20220302,Concepcion,L1,2026-04-04 17:30:01,20221511,Salida,HQ→TH,Conecta,
900053037543,El Arenal,L1,2026-04-04 08:27:12,20223302,La Leonera,L1,2026-04-04 09:17:54,20220303,Salida,TH→HQ,Conecta,
900053037543,La Leonera,L1,2026-04-04 19:59:05,20220303,Mercado,L1,2026-04-04 21:26:41,20223601,Salida,HQ→TH,Conecta,
900053037760,Hualqui,L1,2026-04-04 12:13:25,20220001,Los Condores,L1,2026-04-04 13:04:55,20222701,Salida,HQ→TH,Conecta,
900053037760,Los Condores,L1,2026-04-04 19:53:48,20222701,Hualqui,L1,2026-04-04 21:02:13,20220002,Salida,TH→HQ,Conecta,
