ď»żfecha,linea,direccion,servicio,estacion,t_arr_est,t_dep_est,capacidad_tren,A_llegadas_anden,D_bajadas,Demanda_anden,Capacidad_disponible,B_embarque,R_quedados,Q_out_cola,L_in_abordo,L_out_abordo
2026-02-08,L1,HQâ†’TH,20844.0,Hualqui,,2026-02-08 12:08:00,780.0,10,0,10.0,780.0,10.0,0.0,0.0,0.0,10.0
2026-02-08,L1,HQâ†’TH,20844.0,La Leonera,,2026-02-08 12:21:00,780.0,7,0,7.0,770.0,7.0,0.0,0.0,10.0,17.0
2026-02-08,L1,HQâ†’TH,20844.0,Pedro Medina,2026-02-08 12:45:00,2026-02-08 12:23:00,780.0,6,2,6.0,765.0,6.0,0.0,0.0,17.0,21.0
2026-02-08,L1,HQâ†’TH,20844.0,Manquimavida,,2026-02-08 12:26:30,780.0,6,0,6.0,759.0,6.0,0.0,0.0,21.0,27.0
2026-02-08,L1,HQâ†’TH,20844.0,Concepcion,2026-02-08 12:57:30,2026-02-08 12:28:00,780.0,11,12,11.0,765.0,11.0,0.0,0.0,27.0,26.0
2026-02-08,L1,HQâ†’TH,20844.0,Chiguayante,2026-02-08 12:47:00,2026-02-08 12:29:00,780.0,8,1,8.0,755.0,8.0,0.0,0.0,26.0,33.0
2026-02-08,L1,HQâ†’TH,20844.0,Lzo. Arenas,2026-02-08 13:02:00,2026-02-08 12:47:00,780.0,1,3,1.0,750.0,1.0,0.0,0.0,33.0,31.0
2026-02-08,L1,HQâ†’TH,20844.0,Los Condores,2026-02-08 13:09:00,2026-02-08 12:56:00,780.0,4,6,4.0,755.0,4.0,0.0,0.0,31.0,29.0
2026-02-08,L1,HQâ†’TH,20844.0,UTF Santa Maria,2026-02-08 13:05:00,,780.0,0,3,0.0,754.0,0.0,0.0,0.0,29.0,26.0
2026-02-08,L1,HQâ†’TH,20844.0,Higueras,2026-02-08 13:12:00,,780.0,0,2,0.0,756.0,0.0,0.0,0.0,26.0,24.0
2026-02-08,L1,HQâ†’TH,20844.0,El Arenal,2026-02-08 13:15:00,,780.0,0,1,0.0,757.0,0.0,0.0,0.0,24.0,23.0
2026-02-08,L1,HQâ†’TH,20844.0,Mercado,2026-02-08 13:18:00,,780.0,0,23,0.0,780.0,0.0,0.0,0.0,23.0,0.0
2026-02-08,L1,HQâ†’TH,20846.0,Hualqui,,2026-02-08 16:56:00,780.0,7,0,7.0,780.0,7.0,0.0,0.0,0.0,7.0
2026-02-08,L1,HQâ†’TH,20846.0,Concepcion,2026-02-08 17:34:00,2026-02-08 17:01:00,780.0,29,15,29.0,780.0,29.0,0.0,0.0,7.0,21.0
2026-02-08,L1,HQâ†’TH,20846.0,La Leonera,,2026-02-08 17:03:00,780.0,3,0,3.0,759.0,3.0,0.0,0.0,21.0,24.0
2026-02-08,L1,HQâ†’TH,20846.0,Manquimavida,,2026-02-08 17:10:00,780.0,3,0,3.0,756.0,3.0,0.0,0.0,24.0,27.0
2026-02-08,L1,HQâ†’TH,20846.0,Chiguayante,2026-02-08 17:22:00,2026-02-08 17:12:00,780.0,12,1,12.0,754.0,12.0,0.0,0.0,27.0,38.0
2026-02-08,L1,HQâ†’TH,20846.0,Pedro Medina,,2026-02-08 17:16:00,780.0,1,0,1.0,742.0,1.0,0.0,0.0,38.0,39.0
2026-02-08,L1,HQâ†’TH,20846.0,UTF Santa Maria,2026-02-08 17:43:00,2026-02-08 17:37:30,780.0,2,9,2.0,750.0,2.0,0.0,0.0,39.0,32.0
2026-02-08,L1,HQâ†’TH,20846.0,Lzo. Arenas,2026-02-08 17:39:00,,780.0,0,2,0.0,750.0,0.0,0.0,0.0,32.0,30.0
2026-02-08,L1,HQâ†’TH,20846.0,Higueras,2026-02-08 17:50:30,2026-02-08 17:40:30,780.0,2,6,2.0,756.0,2.0,0.0,0.0,30.0,26.0
2026-02-08,L1,HQâ†’TH,20846.0,Los Condores,2026-02-08 17:48:00,,780.0,0,7,0.0,761.0,0.0,0.0,0.0,26.0,19.0
2026-02-08,L1,HQâ†’TH,20846.0,El Arenal,2026-02-08 17:54:00,,780.0,0,7,0.0,768.0,0.0,0.0,0.0,19.0,12.0
2026-02-08,L1,HQâ†’TH,20846.0,Mercado,2026-02-08 17:57:30,,780.0,0,12,0.0,780.0,0.0,0.0,0.0,12.0,0.0
2026-02-08,L1,HQâ†’TH,20848.0,Hualqui,,2026-02-08 20:13:30,780.0,12,0,12.0,780.0,12.0,0.0,0.0,0.0,12.0
2026-02-08,L1,HQâ†’TH,20848.0,Concepcion,2026-02-08 21:08:00,2026-02-08 20:34:00,780.0,47,5,47.0,773.0,47.0,0.0,0.0,12.0,54.0
2026-02-08,L1,HQâ†’TH,20848.0,Chiguayante,2026-02-08 20:55:30,2026-02-08 20:35:30,780.0,4,2,4.0,728.0,4.0,0.0,0.0,54.0,56.0
2026-02-08,L1,HQâ†’TH,20848.0,La Leonera,,2026-02-08 20:37:00,780.0,5,0,5.0,724.0,5.0,0.0,0.0,56.0,61.0
2026-02-08,L1,HQâ†’TH,20848.0,Manquimavida,,2026-02-08 20:39:00,780.0,1,0,1.0,719.0,1.0,0.0,0.0,61.0,62.0
2026-02-08,L1,HQâ†’TH,20848.0,Pedro Medina,,2026-02-08 20:39:00,780.0,5,0,5.0,718.0,5.0,0.0,0.0,62.0,67.0
2026-02-08,L1,HQâ†’TH,20848.0,Lzo. Arenas,2026-02-08 21:12:00,2026-02-08 20:58:00,780.0,3,6,3.0,719.0,3.0,0.0,0.0,67.0,64.0
2026-02-08,L1,HQâ†’TH,20848.0,UTF Santa Maria,2026-02-08 21:16:00,,780.0,0,4,0.0,720.0,0.0,0.0,0.0,64.0,60.0
2026-02-08,L1,HQâ†’TH,20848.0,Los Condores,2026-02-08 21:20:00,,780.0,0,21,0.0,741.0,0.0,0.0,0.0,60.0,39.0
2026-02-08,L1,HQâ†’TH,20848.0,Higueras,2026-02-08 21:24:00,,780.0,0,18,0.0,759.0,0.0,0.0,0.0,39.0,21.0
2026-02-08,L1,HQâ†’TH,20848.0,El Arenal,2026-02-08 21:28:00,,780.0,0,8,0.0,767.0,0.0,0.0,0.0,21.0,13.0
2026-02-08,L1,HQâ†’TH,20848.0,Mercado,2026-02-08 21:31:00,,780.0,0,13,0.0,780.0,0.0,0.0,0.0,13.0,0.0
2026-02-08,L1,HQâ†’TH,20850.0,Concepcion,2026-02-08 10:07:00,2026-02-08 09:19:00,780.0,10,13,10.0,780.0,10.0,0.0,0.0,0.0,0.0
2026-02-08,L1,HQâ†’TH,20850.0,Hualqui,,2026-02-08 09:24:00,780.0,10,0,10.0,780.0,10.0,0.0,0.0,0.0,10.0
2026-02-08,L1,HQâ†’TH,20850.0,Pedro Medina,,2026-02-08 09:32:00,780.0,2,0,2.0,770.0,2.0,0.0,0.0,10.0,12.0
2026-02-08,L1,HQâ†’TH,20850.0,La Leonera,,2026-02-08 09:34:00,780.0,11,0,11.0,768.0,11.0,0.0,0.0,12.0,23.0
2026-02-08,L1,HQâ†’TH,20850.0,Manquimavida,,2026-02-08 09:34:00,780.0,9,0,9.0,757.0,9.0,0.0,0.0,23.0,32.0
2026-02-08,L1,HQâ†’TH,20850.0,Chiguayante,2026-02-08 09:56:00,2026-02-08 09:44:30,780.0,4,1,4.0,749.0,4.0,0.0,0.0,32.0,35.0
2026-02-08,L1,HQâ†’TH,20850.0,Lzo. Arenas,2026-02-08 10:10:30,2026-02-08 09:57:00,780.0,1,6,1.0,751.0,1.0,0.0,0.0,35.0,30.0
2026-02-08,L1,HQâ†’TH,20850.0,UTF Santa Maria,2026-02-08 10:14:00,,780.0,0,9,0.0,759.0,0.0,0.0,0.0,30.0,21.0
2026-02-08,L1,HQâ†’TH,20850.0,Los Condores,2026-02-08 10:18:00,,780.0,0,5,0.0,764.0,0.0,0.0,0.0,21.0,16.0
2026-02-08,L1,HQâ†’TH,20850.0,Higueras,2026-02-08 10:21:00,,780.0,0,6,0.0,770.0,0.0,0.0,0.0,16.0,10.0
2026-02-08,L1,HQâ†’TH,20850.0,El Arenal,2026-02-08 10:24:00,,780.0,0,1,0.0,771.0,0.0,0.0,0.0,10.0,9.0
2026-02-08,L1,HQâ†’TH,20850.0,Mercado,2026-02-08 10:27:00,,780.0,0,6,0.0,777.0,0.0,0.0,0.0,9.0,3.0
2026-02-08,L1,HQâ†’TH,20880.0,Hualqui,,2026-02-08 20:58:00,780.0,11,0,11.0,780.0,11.0,0.0,0.0,0.0,11.0
2026-02-08,L1,HQâ†’TH,20880.0,Manquimavida,,2026-02-08 21:03:00,780.0,2,0,2.0,769.0,2.0,0.0,0.0,11.0,13.0
2026-02-08,L1,HQâ†’TH,20880.0,Pedro Medina,2026-02-08 21:33:00,2026-02-08 21:09:00,780.0,1,2,1.0,769.0,1.0,0.0,0.0,13.0,12.0
2026-02-08,L1,HQâ†’TH,20880.0,Concepcion,2026-02-08 21:47:00,2026-02-08 21:20:30,780.0,4,5,4.0,773.0,4.0,0.0,0.0,12.0,11.0
2026-02-08,L1,HQâ†’TH,20880.0,Chiguayante,,2026-02-08 21:21:00,780.0,1,0,1.0,769.0,1.0,0.0,0.0,11.0,12.0
2026-02-08,L1,HQâ†’TH,20880.0,Lzo. Arenas,2026-02-08 21:50:00,,780.0,0,1,0.0,769.0,0.0,0.0,0.0,12.0,11.0
2026-02-08,L1,HQâ†’TH,20880.0,UTF Santa Maria,2026-02-08 21:54:00,,780.0,0,1,0.0,770.0,0.0,0.0,0.0,11.0,10.0
2026-02-08,L1,HQâ†’TH,20880.0,Los Condores,2026-02-08 22:57:00,,780.0,0,8,0.0,778.0,0.0,0.0,0.0,10.0,2.0
2026-02-08,L1,HQâ†’TH,20880.0,El Arenal,2026-02-08 23:06:00,,780.0,0,2,0.0,780.0,0.0,0.0,0.0,2.0,0.0
2026-02-08,L1,THâ†’HQ,20845.0,Mercado,,2026-02-08 15:51:30,780.0,16,0,16.0,780.0,16.0,0.0,0.0,0.0,16.0
2026-02-08,L1,THâ†’HQ,20845.0,El Arenal,,2026-02-08 15:58:00,780.0,5,0,5.0,764.0,5.0,0.0,0.0,16.0,21.0
2026-02-08,L1,THâ†’HQ,20845.0,Concepcion,2026-02-08 16:26:30,2026-02-08 16:01:00,780.0,15,18,15.0,777.0,15.0,0.0,0.0,21.0,18.0
2026-02-08,L1,THâ†’HQ,20845.0,Higueras,2026-02-08 16:08:00,2026-02-08 16:04:00,780.0,11,1,11.0,763.0,11.0,0.0,0.0,18.0,28.0
2026-02-08,L1,THâ†’HQ,20845.0,Los Condores,2026-02-08 16:12:00,2026-02-08 16:05:00,780.0,10,2,10.0,754.0,10.0,0.0,0.0,28.0,36.0
2026-02-08,L1,THâ†’HQ,20845.0,UTF Santa Maria,2026-02-08 16:16:00,2026-02-08 16:10:00,780.0,3,2,3.0,746.0,3.0,0.0,0.0,36.0,37.0
2026-02-08,L1,THâ†’HQ,20845.0,Lzo. Arenas,2026-02-08 16:20:00,2026-02-08 16:13:00,780.0,2,3,2.0,746.0,2.0,0.0,0.0,37.0,36.0
2026-02-08,L1,THâ†’HQ,20845.0,Manquimavida,2026-02-08 16:45:00,2026-02-08 16:31:00,780.0,1,6,1.0,750.0,1.0,0.0,0.0,36.0,31.0
2026-02-08,L1,THâ†’HQ,20845.0,Chiguayante,2026-02-08 16:40:00,,780.0,0,8,0.0,757.0,0.0,0.0,0.0,31.0,23.0
2026-02-08,L1,THâ†’HQ,20845.0,La Leonera,2026-02-08 16:48:00,,780.0,0,7,0.0,764.0,0.0,0.0,0.0,23.0,16.0
2026-02-08,L1,THâ†’HQ,20845.0,Hualqui,2026-02-08 17:01:00,,780.0,0,16,0.0,780.0,0.0,0.0,0.0,16.0,0.0
2026-02-08,L1,THâ†’HQ,20847.0,Mercado,,2026-02-08 19:43:30,780.0,14,0,14.0,780.0,14.0,0.0,0.0,0.0,14.0
2026-02-08,L1,THâ†’HQ,20847.0,El Arenal,,2026-02-08 19:49:30,780.0,6,0,6.0,766.0,6.0,0.0,0.0,14.0,20.0
2026-02-08,L1,THâ†’HQ,20847.0,Los Condores,2026-02-08 20:13:00,2026-02-08 20:05:30,780.0,8,3,8.0,763.0,8.0,0.0,0.0,20.0,25.0
2026-02-08,L1,THâ†’HQ,20847.0,Higueras,,2026-02-08 20:06:00,780.0,9,0,9.0,755.0,9.0,0.0,0.0,25.0,34.0
2026-02-08,L1,THâ†’HQ,20847.0,UTF Santa Maria,2026-02-08 20:16:00,2026-02-08 20:07:00,780.0,8,4,8.0,750.0,8.0,0.0,0.0,34.0,38.0
2026-02-08,L1,THâ†’HQ,20847.0,Lzo. Arenas,2026-02-08 20:20:00,2026-02-08 20:08:00,780.0,3,1,3.0,743.0,3.0,0.0,0.0,38.0,40.0
2026-02-08,L1,THâ†’HQ,20847.0,Concepcion,2026-02-08 20:25:00,2026-02-08 20:14:30,780.0,48,12,48.0,752.0,48.0,0.0,0.0,40.0,76.0
2026-02-08,L1,THâ†’HQ,20847.0,Chiguayante,2026-02-08 20:40:00,2026-02-08 20:35:00,780.0,3,12,3.0,716.0,3.0,0.0,0.0,76.0,67.0
2026-02-08,L1,THâ†’HQ,20847.0,Manquimavida,2026-02-08 20:45:30,2026-02-08 20:39:00,780.0,2,12,2.0,725.0,2.0,0.0,0.0,67.0,57.0
2026-02-08,L1,THâ†’HQ,20847.0,Pedro Medina,2026-02-08 20:42:00,,780.0,0,7,0.0,730.0,0.0,0.0,0.0,57.0,50.0
2026-02-08,L1,THâ†’HQ,20847.0,La Leonera,2026-02-08 20:49:00,,780.0,0,17,0.0,747.0,0.0,0.0,0.0,50.0,33.0
2026-02-08,L1,THâ†’HQ,20847.0,Hualqui,2026-02-08 21:02:00,,780.0,0,33,0.0,780.0,0.0,0.0,0.0,33.0,0.0
2026-02-08,L1,THâ†’HQ,20857.0,Higueras,2026-02-08 08:39:00,2026-02-08 08:22:00,780.0,1,1,1.0,780.0,1.0,0.0,0.0,0.0,0.0
2026-02-08,L1,THâ†’HQ,20857.0,Mercado,,2026-02-08 08:24:00,780.0,5,0,5.0,780.0,5.0,0.0,0.0,0.0,5.0
2026-02-08,L1,THâ†’HQ,20857.0,El Arenal,,2026-02-08 08:28:00,780.0,7,0,7.0,775.0,7.0,0.0,0.0,5.0,12.0
2026-02-08,L1,THâ†’HQ,20857.0,Los Condores,,2026-02-08 08:37:00,780.0,1,0,1.0,768.0,1.0,0.0,0.0,12.0,13.0
2026-02-08,L1,THâ†’HQ,20857.0,Lzo. Arenas,,2026-02-08 08:37:00,780.0,3,0,3.0,767.0,3.0,0.0,0.0,13.0,16.0
2026-02-08,L1,THâ†’HQ,20857.0,UTF Santa Maria,,2026-02-08 08:38:00,780.0,1,0,1.0,764.0,1.0,0.0,0.0,16.0,17.0
2026-02-08,L1,THâ†’HQ,20857.0,Concepcion,2026-02-08 08:58:30,2026-02-08 08:47:30,780.0,2,4,2.0,767.0,2.0,0.0,0.0,17.0,15.0
2026-02-08,L1,THâ†’HQ,20857.0,Chiguayante,2026-02-08 09:09:00,2026-02-08 08:58:00,780.0,2,3,2.0,768.0,2.0,0.0,0.0,15.0,14.0
2026-02-08,L1,THâ†’HQ,20857.0,Pedro Medina,2026-02-08 09:12:00,,780.0,0,1,0.0,767.0,0.0,0.0,0.0,14.0,13.0
2026-02-08,L1,THâ†’HQ,20857.0,Manquimavida,2026-02-08 09:25:00,,780.0,0,2,0.0,769.0,0.0,0.0,0.0,13.0,11.0
2026-02-08,L1,THâ†’HQ,20857.0,Hualqui,2026-02-08 09:34:00,,780.0,0,11,0.0,780.0,0.0,0.0,0.0,11.0,0.0
2026-02-08,L1,THâ†’HQ,20859.0,Higueras,,2026-02-08 12:21:00,780.0,7,0,7.0,780.0,7.0,0.0,0.0,0.0,7.0
2026-02-08,L1,THâ†’HQ,20859.0,Mercado,,2026-02-08 12:22:00,780.0,13,0,13.0,773.0,13.0,0.0,0.0,7.0,20.0
2026-02-08,L1,THâ†’HQ,20859.0,El Arenal,,2026-02-08 12:26:00,780.0,5,0,5.0,760.0,5.0,0.0,0.0,20.0,25.0
2026-02-08,L1,THâ†’HQ,20859.0,Los Condores,,2026-02-08 12:31:00,780.0,9,0,9.0,755.0,9.0,0.0,0.0,25.0,34.0
2026-02-08,L1,THâ†’HQ,20859.0,Concepcion,2026-02-08 12:55:00,2026-02-08 12:35:00,780.0,8,22,8.0,768.0,8.0,0.0,0.0,34.0,20.0
2026-02-08,L1,THâ†’HQ,20859.0,UTF Santa Maria,2026-02-08 12:47:00,2026-02-08 12:39:00,780.0,7,1,7.0,761.0,7.0,0.0,0.0,20.0,26.0
2026-02-08,L1,THâ†’HQ,20859.0,Lzo. Arenas,2026-02-08 12:49:00,2026-02-08 12:39:00,780.0,5,1,5.0,755.0,5.0,0.0,0.0,26.0,30.0
2026-02-08,L1,THâ†’HQ,20859.0,Manquimavida,2026-02-08 13:16:00,2026-02-08 12:58:00,780.0,2,5,2.0,755.0,2.0,0.0,0.0,30.0,27.0
2026-02-08,L1,THâ†’HQ,20859.0,Pedro Medina,2026-02-08 13:13:00,2026-02-08 13:03:00,780.0,1,4,1.0,757.0,1.0,0.0,0.0,27.0,24.0
2026-02-08,L1,THâ†’HQ,20859.0,Chiguayante,2026-02-08 13:11:30,,780.0,0,4,0.0,760.0,0.0,0.0,0.0,24.0,20.0
2026-02-08,L1,THâ†’HQ,20859.0,La Leonera,2026-02-08 13:19:00,,780.0,0,4,0.0,764.0,0.0,0.0,0.0,20.0,16.0
2026-02-08,L1,THâ†’HQ,20859.0,Hualqui,2026-02-08 13:30:00,,780.0,0,16,0.0,780.0,0.0,0.0,0.0,16.0,0.0
2026-02-08,L1,THâ†’HQ,20881.0,Higueras,,2026-02-08 07:41:00,780.0,1,0,1.0,780.0,1.0,0.0,0.0,0.0,1.0
2026-02-08,L1,THâ†’HQ,20881.0,Los Condores,,2026-02-08 07:46:30,780.0,2,0,2.0,779.0,2.0,0.0,0.0,1.0,3.0
2026-02-08,L1,THâ†’HQ,20881.0,UTF Santa Maria,,2026-02-08 07:50:00,780.0,3,0,3.0,777.0,3.0,0.0,0.0,3.0,6.0
2026-02-08,L1,THâ†’HQ,20881.0,Concepcion,2026-02-08 08:04:00,2026-02-08 08:01:00,780.0,3,3,3.0,777.0,3.0,0.0,0.0,6.0,6.0
2026-02-08,L1,THâ†’HQ,20881.0,Pedro Medina,2026-02-08 08:21:00,,780.0,0,2,0.0,776.0,0.0,0.0,0.0,6.0,4.0
2026-02-08,L1,THâ†’HQ,20881.0,La Leonera,2026-02-08 08:28:00,,780.0,0,1,0.0,777.0,0.0,0.0,0.0,4.0,3.0
2026-02-08,L1,THâ†’HQ,20881.0,Hualqui,2026-02-08 08:39:00,,780.0,0,3,0.0,780.0,0.0,0.0,0.0,3.0,0.0
2026-02-08,L1,nan,20844.0,Chiguayante,,2026-02-08 12:42:00,780.0,1,0,1.0,780.0,1.0,0.0,0.0,0.0,1.0
2026-02-08,L1,nan,20844.0,Concepcion,2026-02-08 13:03:00,,780.0,0,1,0.0,780.0,0.0,0.0,0.0,1.0,0.0
2026-02-08,L1,nan,20848.0,Concepcion,,2026-02-08 21:05:00,780.0,1,0,1.0,780.0,1.0,0.0,0.0,0.0,1.0
2026-02-08,L1,nan,20848.0,El Arenal,2026-02-08 21:27:00,,780.0,0,1,0.0,780.0,0.0,0.0,0.0,1.0,0.0
2026-02-08,L1,nan,20850.0,La Leonera,,2026-02-08 09:44:00,780.0,2,0,2.0,780.0,2.0,0.0,0.0,0.0,2.0
2026-02-08,L1,nan,20850.0,Pedro Medina,,2026-02-08 09:50:00,780.0,1,0,1.0,778.0,1.0,0.0,0.0,2.0,3.0
2026-02-08,L1,nan,20850.0,Chiguayante,2026-02-08 09:56:00,,780.0,0,3,0.0,780.0,0.0,0.0,0.0,3.0,0.0
2026-02-08,L1,nan,20880.0,Hualqui,,2026-02-08 21:07:00,780.0,1,0,1.0,780.0,1.0,0.0,0.0,0.0,1.0
2026-02-08,L1,nan,20880.0,Manquimavida,2026-02-08 21:31:00,,780.0,0,1,0.0,780.0,0.0,0.0,0.0,1.0,0.0
2026-02-08,L2,CCâ†’CW,20035.0,Concepcion,,2026-02-08 09:48:00,780.0,57,0,57.0,780.0,57.0,0.0,0.0,0.0,57.0
2026-02-08,L2,CCâ†’CW,20035.0,Alborada,2026-02-08 10:19:00,2026-02-08 10:06:30,780.0,2,3,2.0,726.0,2.0,0.0,0.0,57.0,56.0
2026-02-08,L2,CCâ†’CW,20035.0,Lomas Coloradas,2026-02-08 10:25:00,2026-02-08 10:09:00,780.0,8,6,8.0,730.0,8.0,0.0,0.0,56.0,58.0
2026-02-08,L2,CCâ†’CW,20035.0,Juan Pablo II,2026-02-08 11:31:00,2026-02-08 10:09:00,780.0,7,1,7.0,723.0,7.0,0.0,0.0,58.0,64.0
2026-02-08,L2,CCâ†’CW,20035.0,Diagonal Bio Bio,2026-02-08 10:16:00,2026-02-08 10:11:00,780.0,7,2,7.0,718.0,7.0,0.0,0.0,64.0,69.0
2026-02-08,L2,CCâ†’CW,20035.0,El Parque,2026-02-08 10:23:00,2026-02-08 10:14:00,780.0,1,5,1.0,716.0,1.0,0.0,0.0,69.0,65.0
2026-02-08,L2,CCâ†’CW,20035.0,Costa Mar,2026-02-08 10:21:00,2026-02-08 10:16:30,780.0,2,4,2.0,719.0,2.0,0.0,0.0,65.0,63.0
2026-02-08,L2,CCâ†’CW,20035.0,Cdal. Raul Silva Henriquez,2026-02-08 10:27:00,2026-02-08 10:22:30,780.0,6,5,6.0,722.0,6.0,0.0,0.0,63.0,64.0
2026-02-08,L2,CCâ†’CW,20035.0,Los Canelos,2026-02-08 10:37:00,2026-02-08 10:25:30,780.0,4,11,4.0,727.0,4.0,0.0,0.0,64.0,57.0
2026-02-08,L2,CCâ†’CW,20035.0,Hito Galvarino,2026-02-08 10:33:30,2026-02-08 10:32:00,780.0,1,4,1.0,727.0,1.0,0.0,0.0,57.0,54.0
2026-02-08,L2,CCâ†’CW,20035.0,Huinca,2026-02-08 10:38:30,2026-02-08 10:37:00,780.0,3,6,3.0,732.0,3.0,0.0,0.0,54.0,51.0
2026-02-08,L2,CCâ†’CW,20035.0,Cristo Redentor,2026-02-08 10:42:00,2026-02-08 10:38:00,780.0,1,10,1.0,739.0,1.0,0.0,0.0,51.0,42.0
2026-02-08,L2,CCâ†’CW,20035.0,Laguna Quinenco,2026-02-08 10:44:00,,780.0,0,22,0.0,760.0,0.0,0.0,0.0,42.0,20.0
2026-02-08,L2,CCâ†’CW,20035.0,Coronel,2026-02-08 10:47:00,,780.0,0,20,0.0,780.0,0.0,0.0,0.0,20.0,0.0
2026-02-08,L2,CCâ†’CW,20041.0,Concepcion,,2026-02-08 10:19:30,780.0,54,0,54.0,780.0,54.0,0.0,0.0,0.0,54.0
2026-02-08,L2,CCâ†’CW,20041.0,Juan Pablo II,,2026-02-08 10:21:00,780.0,3,0,3.0,726.0,3.0,0.0,0.0,54.0,57.0
2026-02-08,L2,CCâ†’CW,20041.0,Diagonal Bio Bio,,2026-02-08 10:22:00,780.0,5,0,5.0,723.0,5.0,0.0,0.0,57.0,62.0
2026-02-08,L2,CCâ†’CW,20041.0,Costa Mar,2026-02-08 10:44:00,2026-02-08 10:40:00,780.0,4,5,4.0,723.0,4.0,0.0,0.0,62.0,61.0
2026-02-08,L2,CCâ†’CW,20041.0,Lomas Coloradas,2026-02-08 10:49:00,2026-02-08 10:42:00,780.0,5,8,5.0,727.0,5.0,0.0,0.0,61.0,58.0
2026-02-08,L2,CCâ†’CW,20041.0,El Parque,2026-02-08 10:47:00,2026-02-08 10:45:00,780.0,1,1,1.0,723.0,1.0,0.0,0.0,58.0,58.0
2026-02-08,L2,CCâ†’CW,20041.0,Hito Galvarino,2026-02-08 10:59:00,2026-02-08 10:47:30,780.0,2,3,2.0,725.0,2.0,0.0,0.0,58.0,57.0
2026-02-08,L2,CCâ†’CW,20041.0,Cdal. Raul Silva Henriquez,2026-02-08 10:53:00,2026-02-08 10:51:00,780.0,5,5,5.0,728.0,5.0,0.0,0.0,57.0,57.0
2026-02-08,L2,CCâ†’CW,20041.0,Cristo Redentor,2026-02-08 11:08:00,2026-02-08 10:56:30,780.0,2,9,2.0,732.0,2.0,0.0,0.0,57.0,50.0
2026-02-08,L2,CCâ†’CW,20041.0,Los Canelos,2026-02-08 11:03:00,2026-02-08 11:00:00,780.0,3,11,3.0,741.0,3.0,0.0,0.0,50.0,42.0
2026-02-08,L2,CCâ†’CW,20041.0,Huinca,2026-02-08 11:05:00,2026-02-08 11:01:30,780.0,2,3,2.0,741.0,2.0,0.0,0.0,42.0,41.0
2026-02-08,L2,CCâ†’CW,20041.0,Laguna Quinenco,2026-02-08 11:10:00,,780.0,0,16,0.0,755.0,0.0,0.0,0.0,41.0,25.0
2026-02-08,L2,CCâ†’CW,20041.0,Coronel,2026-02-08 11:13:00,,780.0,0,25,0.0,780.0,0.0,0.0,0.0,25.0,0.0
2026-02-08,L2,CCâ†’CW,20049.0,Diagonal Bio Bio,2026-02-08 11:41:00,2026-02-08 11:11:00,780.0,11,1,11.0,780.0,11.0,0.0,0.0,0.0,10.0
2026-02-08,L2,CCâ†’CW,20049.0,Juan Pablo II,,2026-02-08 11:12:00,780.0,3,0,3.0,770.0,3.0,0.0,0.0,10.0,13.0
2026-02-08,L2,CCâ†’CW,20049.0,Concepcion,,2026-02-08 11:14:00,780.0,78,0,78.0,767.0,78.0,0.0,0.0,13.0,91.0
2026-02-08,L2,CCâ†’CW,20049.0,Costa Mar,2026-02-08 11:45:00,2026-02-08 11:35:00,780.0,12,6,12.0,695.0,12.0,0.0,0.0,91.0,97.0
2026-02-08,L2,CCâ†’CW,20049.0,El Parque,2026-02-08 11:48:00,2026-02-08 11:35:30,780.0,4,3,4.0,686.0,4.0,0.0,0.0,97.0,98.0
2026-02-08,L2,CCâ†’CW,20049.0,Alborada,2026-02-08 11:57:00,2026-02-08 11:39:30,780.0,2,1,2.0,683.0,2.0,0.0,0.0,98.0,99.0
2026-02-08,L2,CCâ†’CW,20049.0,Cdal. Raul Silva Henriquez,2026-02-08 11:53:00,2026-02-08 11:43:30,780.0,6,7,6.0,688.0,6.0,0.0,0.0,99.0,98.0
2026-02-08,L2,CCâ†’CW,20049.0,Lomas Coloradas,2026-02-08 11:50:00,2026-02-08 11:49:00,780.0,3,10,3.0,692.0,3.0,0.0,0.0,98.0,91.0
2026-02-08,L2,CCâ†’CW,20049.0,Hito Galvarino,2026-02-08 12:00:00,2026-02-08 11:54:00,780.0,2,2,2.0,691.0,2.0,0.0,0.0,91.0,91.0
2026-02-08,L2,CCâ†’CW,20049.0,Los Canelos,2026-02-08 12:04:00,2026-02-08 11:57:00,780.0,9,21,9.0,710.0,9.0,0.0,0.0,91.0,79.0
2026-02-08,L2,CCâ†’CW,20049.0,Huinca,2026-02-08 12:05:30,2026-02-08 11:58:00,780.0,5,6,5.0,707.0,5.0,0.0,0.0,79.0,78.0
2026-02-08,L2,CCâ†’CW,20049.0,Cristo Redentor,2026-02-08 12:08:00,,780.0,0,16,0.0,718.0,0.0,0.0,0.0,78.0,62.0
2026-02-08,L2,CCâ†’CW,20049.0,Laguna Quinenco,2026-02-08 12:11:00,,780.0,0,21,0.0,739.0,0.0,0.0,0.0,62.0,41.0
2026-02-08,L2,CCâ†’CW,20049.0,Coronel,2026-02-08 12:15:00,,780.0,0,41,0.0,780.0,0.0,0.0,0.0,41.0,0.0
2026-02-08,L2,CCâ†’CW,20051.0,Concepcion,,2026-02-08 11:41:00,780.0,20,0,20.0,780.0,20.0,0.0,0.0,0.0,20.0
2026-02-08,L2,CCâ†’CW,20051.0,Juan Pablo II,,2026-02-08 11:48:00,780.0,3,0,3.0,760.0,3.0,0.0,0.0,20.0,23.0
2026-02-08,L2,CCâ†’CW,20051.0,Alborada,2026-02-08 12:01:00,2026-02-08 11:49:00,780.0,3,1,3.0,758.0,3.0,0.0,0.0,23.0,25.0
2026-02-08,L2,CCâ†’CW,20051.0,Costa Mar,,2026-02-08 11:52:30,780.0,6,0,6.0,755.0,6.0,0.0,0.0,25.0,31.0
2026-02-08,L2,CCâ†’CW,20051.0,Diagonal Bio Bio,,2026-02-08 11:57:00,780.0,2,0,2.0,749.0,2.0,0.0,0.0,31.0,33.0
2026-02-08,L2,CCâ†’CW,20051.0,Lomas Coloradas,2026-02-08 12:05:00,2026-02-08 11:58:00,780.0,2,5,2.0,752.0,2.0,0.0,0.0,33.0,30.0
2026-02-08,L2,CCâ†’CW,20051.0,Cdal. Raul Silva Henriquez,2026-02-08 12:07:00,2026-02-08 11:59:30,780.0,2,6,2.0,756.0,2.0,0.0,0.0,30.0,26.0
2026-02-08,L2,CCâ†’CW,20051.0,El Parque,2026-02-08 12:01:00,2026-02-08 12:00:00,780.0,1,2,1.0,756.0,1.0,0.0,0.0,26.0,25.0
2026-02-08,L2,CCâ†’CW,20051.0,Los Canelos,2026-02-08 12:18:00,2026-02-08 12:13:00,780.0,4,4,4.0,759.0,4.0,0.0,0.0,25.0,25.0
2026-02-08,L2,CCâ†’CW,20051.0,Hito Galvarino,2026-02-08 12:14:00,,780.0,0,2,0.0,757.0,0.0,0.0,0.0,25.0,23.0
2026-02-08,L2,CCâ†’CW,20051.0,Huinca,2026-02-08 12:21:00,2026-02-08 12:15:00,780.0,1,3,1.0,760.0,1.0,0.0,0.0,23.0,21.0
2026-02-08,L2,CCâ†’CW,20051.0,Cristo Redentor,2026-02-08 12:22:00,,780.0,0,2,0.0,761.0,0.0,0.0,0.0,21.0,19.0
2026-02-08,L2,CCâ†’CW,20051.0,Laguna Quinenco,2026-02-08 12:25:00,,780.0,0,8,0.0,769.0,0.0,0.0,0.0,19.0,11.0
2026-02-08,L2,CCâ†’CW,20051.0,Coronel,2026-02-08 12:54:00,,780.0,0,11,0.0,780.0,0.0,0.0,0.0,11.0,0.0
2026-02-08,L2,CCâ†’CW,20053.0,Concepcion,,2026-02-08 11:59:30,780.0,36,0,36.0,780.0,36.0,0.0,0.0,0.0,36.0
2026-02-08,L2,CCâ†’CW,20053.0,Diagonal Bio Bio,2026-02-08 12:19:00,2026-02-08 12:09:00,780.0,6,1,6.0,745.0,6.0,0.0,0.0,36.0,41.0
2026-02-08,L2,CCâ†’CW,20053.0,Juan Pablo II,,2026-02-08 12:11:00,780.0,5,0,5.0,739.0,5.0,0.0,0.0,41.0,46.0
2026-02-08,L2,CCâ†’CW,20053.0,El Parque,2026-02-08 12:27:00,2026-02-08 12:14:00,780.0,5,7,5.0,741.0,5.0,0.0,0.0,46.0,44.0
2026-02-08,L2,CCâ†’CW,20053.0,Alborada,,2026-02-08 12:15:30,780.0,2,0,2.0,736.0,2.0,0.0,0.0,44.0,46.0
2026-02-08,L2,CCâ†’CW,20053.0,Costa Mar,2026-02-08 12:24:00,2026-02-08 12:22:00,780.0,7,5,7.0,739.0,7.0,0.0,0.0,46.0,48.0
2026-02-08,L2,CCâ†’CW,20053.0,Lomas Coloradas,2026-02-08 12:29:00,2026-02-08 12:22:00,780.0,6,3,6.0,735.0,6.0,0.0,0.0,48.0,51.0
2026-02-08,L2,CCâ†’CW,20053.0,Cdal. Raul Silva Henriquez,2026-02-08 12:34:00,2026-02-08 12:29:00,780.0,5,8,5.0,737.0,5.0,0.0,0.0,51.0,48.0
2026-02-08,L2,CCâ†’CW,20053.0,Huinca,2026-02-08 12:45:00,2026-02-08 12:34:00,780.0,1,6,1.0,738.0,1.0,0.0,0.0,48.0,43.0
2026-02-08,L2,CCâ†’CW,20053.0,Cristo Redentor,2026-02-08 12:47:00,2026-02-08 12:36:30,780.0,4,12,4.0,749.0,4.0,0.0,0.0,43.0,35.0
2026-02-08,L2,CCâ†’CW,20053.0,Hito Galvarino,2026-02-08 12:40:00,2026-02-08 12:37:00,780.0,4,6,4.0,751.0,4.0,0.0,0.0,35.0,33.0
2026-02-08,L2,CCâ†’CW,20053.0,Los Canelos,2026-02-08 12:43:00,2026-02-08 12:39:00,780.0,3,8,3.0,755.0,3.0,0.0,0.0,33.0,28.0
2026-02-08,L2,CCâ†’CW,20053.0,Laguna Quinenco,2026-02-08 12:51:00,2026-02-08 12:41:00,780.0,1,19,1.0,771.0,1.0,0.0,0.0,28.0,10.0
2026-02-08,L2,CCâ†’CW,20053.0,Coronel,2026-02-08 12:55:00,,780.0,0,10,0.0,780.0,0.0,0.0,0.0,10.0,0.0
2026-02-08,L2,CCâ†’CW,20059.0,Concepcion,,2026-02-08 13:02:00,780.0,152,0,152.0,780.0,152.0,0.0,0.0,0.0,152.0
2026-02-08,L2,CCâ†’CW,20059.0,Alborada,2026-02-08 13:33:00,2026-02-08 13:07:30,780.0,2,2,2.0,630.0,2.0,0.0,0.0,152.0,152.0
2026-02-08,L2,CCâ†’CW,20059.0,Juan Pablo II,2026-02-08 13:27:00,2026-02-08 13:08:00,780.0,7,7,7.0,635.0,7.0,0.0,0.0,152.0,152.0
2026-02-08,L2,CCâ†’CW,20059.0,Diagonal Bio Bio,2026-02-08 13:30:00,2026-02-08 13:19:00,780.0,17,3,17.0,631.0,17.0,0.0,0.0,152.0,166.0
2026-02-08,L2,CCâ†’CW,20059.0,El Parque,2026-02-08 13:38:00,2026-02-08 13:19:00,780.0,12,17,12.0,631.0,12.0,0.0,0.0,166.0,161.0
2026-02-08,L2,CCâ†’CW,20059.0,Hito Galvarino,2026-02-08 13:50:00,2026-02-08 13:20:00,780.0,1,8,1.0,627.0,1.0,0.0,0.0,161.0,154.0
2026-02-08,L2,CCâ†’CW,20059.0,Lomas Coloradas,2026-02-08 13:40:00,2026-02-08 13:26:00,780.0,13,18,13.0,644.0,13.0,0.0,0.0,154.0,149.0
2026-02-08,L2,CCâ†’CW,20059.0,Costa Mar,2026-02-08 13:35:00,2026-02-08 13:28:00,780.0,12,8,12.0,639.0,12.0,0.0,0.0,149.0,153.0
2026-02-08,L2,CCâ†’CW,20059.0,Cdal. Raul Silva Henriquez,2026-02-08 13:43:00,2026-02-08 13:36:00,780.0,11,13,11.0,640.0,11.0,0.0,0.0,153.0,151.0
2026-02-08,L2,CCâ†’CW,20059.0,Los Canelos,2026-02-08 13:53:00,2026-02-08 13:48:00,780.0,6,23,6.0,652.0,6.0,0.0,0.0,151.0,134.0
2026-02-08,L2,CCâ†’CW,20059.0,Huinca,2026-02-08 13:56:00,,780.0,0,20,0.0,666.0,0.0,0.0,0.0,134.0,114.0
2026-02-08,L2,CCâ†’CW,20059.0,Cristo Redentor,2026-02-08 13:58:00,,780.0,0,24,0.0,690.0,0.0,0.0,0.0,114.0,90.0
2026-02-08,L2,CCâ†’CW,20059.0,Laguna Quinenco,2026-02-08 14:01:00,,780.0,0,46,0.0,736.0,0.0,0.0,0.0,90.0,44.0
2026-02-08,L2,CCâ†’CW,20059.0,Coronel,2026-02-08 14:04:00,,780.0,0,44,0.0,780.0,0.0,0.0,0.0,44.0,0.0
2026-02-08,L2,CCâ†’CW,20063.0,Laguna Quinenco,2026-02-08 15:18:00,2026-02-08 14:08:00,780.0,2,43,2.0,780.0,2.0,0.0,0.0,0.0,0.0
2026-02-08,L2,CCâ†’CW,20063.0,Concepcion,,2026-02-08 14:17:30,780.0,124,0,124.0,780.0,124.0,0.0,0.0,0.0,124.0
2026-02-08,L2,CCâ†’CW,20063.0,Diagonal Bio Bio,2026-02-08 14:47:00,2026-02-08 14:30:00,780.0,13,1,13.0,657.0,13.0,0.0,0.0,124.0,136.0
2026-02-08,L2,CCâ†’CW,20063.0,Juan Pablo II,2026-02-08 14:45:30,2026-02-08 14:31:00,780.0,11,2,11.0,646.0,11.0,0.0,0.0,136.0,145.0
2026-02-08,L2,CCâ†’CW,20063.0,Costa Mar,2026-02-08 14:52:00,2026-02-08 14:41:30,780.0,22,4,22.0,639.0,22.0,0.0,0.0,145.0,163.0
2026-02-08,L2,CCâ†’CW,20063.0,El Parque,2026-02-08 14:56:00,2026-02-08 14:41:30,780.0,8,8,8.0,625.0,8.0,0.0,0.0,163.0,163.0
2026-02-08,L2,CCâ†’CW,20063.0,Alborada,,2026-02-08 14:42:30,780.0,2,0,2.0,617.0,2.0,0.0,0.0,163.0,165.0
2026-02-08,L2,CCâ†’CW,20063.0,Lomas Coloradas,2026-02-08 14:57:00,2026-02-08 14:47:00,780.0,7,20,7.0,635.0,7.0,0.0,0.0,165.0,152.0
2026-02-08,L2,CCâ†’CW,20063.0,Cdal. Raul Silva Henriquez,2026-02-08 15:00:00,2026-02-08 14:47:00,780.0,11,20,11.0,648.0,11.0,0.0,0.0,152.0,143.0
2026-02-08,L2,CCâ†’CW,20063.0,Hito Galvarino,2026-02-08 15:06:00,2026-02-08 14:58:00,780.0,9,11,9.0,648.0,9.0,0.0,0.0,143.0,141.0
2026-02-08,L2,CCâ†’CW,20063.0,Huinca,2026-02-08 15:12:00,2026-02-08 15:03:00,780.0,1,20,1.0,659.0,1.0,0.0,0.0,141.0,122.0
2026-02-08,L2,CCâ†’CW,20063.0,Los Canelos,2026-02-08 15:10:00,2026-02-08 15:05:00,780.0,8,18,8.0,676.0,8.0,0.0,0.0,122.0,112.0
2026-02-08,L2,CCâ†’CW,20063.0,Cristo Redentor,2026-02-08 15:15:00,,780.0,0,22,0.0,690.0,0.0,0.0,0.0,112.0,90.0
2026-02-08,L2,CCâ†’CW,20063.0,Coronel,2026-02-08 15:21:00,,780.0,0,49,0.0,739.0,0.0,0.0,0.0,90.0,41.0
2026-02-08,L2,CCâ†’CW,20067.0,Concepcion,,2026-02-08 15:14:00,780.0,93,0,93.0,780.0,93.0,0.0,0.0,0.0,93.0
2026-02-08,L2,CCâ†’CW,20067.0,Diagonal Bio Bio,2026-02-08 15:40:00,2026-02-08 15:26:00,780.0,7,3,7.0,690.0,7.0,0.0,0.0,93.0,97.0
2026-02-08,L2,CCâ†’CW,20067.0,Juan Pablo II,,2026-02-08 15:30:00,780.0,11,0,11.0,683.0,11.0,0.0,0.0,97.0,108.0
2026-02-08,L2,CCâ†’CW,20067.0,Costa Mar,2026-02-08 15:44:00,2026-02-08 15:33:00,780.0,13,9,13.0,681.0,13.0,0.0,0.0,108.0,112.0
2026-02-08,L2,CCâ†’CW,20067.0,El Parque,2026-02-08 15:48:00,2026-02-08 15:33:00,780.0,12,13,12.0,681.0,12.0,0.0,0.0,112.0,111.0
2026-02-08,L2,CCâ†’CW,20067.0,Alborada,2026-02-08 15:43:00,2026-02-08 15:40:00,780.0,1,2,1.0,671.0,1.0,0.0,0.0,111.0,110.0
2026-02-08,L2,CCâ†’CW,20067.0,Cdal. Raul Silva Henriquez,2026-02-08 15:55:00,2026-02-08 15:45:00,780.0,12,9,12.0,679.0,12.0,0.0,0.0,110.0,113.0
2026-02-08,L2,CCâ†’CW,20067.0,Lomas Coloradas,2026-02-08 15:50:00,2026-02-08 15:46:00,780.0,11,17,11.0,684.0,11.0,0.0,0.0,113.0,107.0
2026-02-08,L2,CCâ†’CW,20067.0,Hito Galvarino,2026-02-08 16:00:00,2026-02-08 15:52:00,780.0,3,4,3.0,677.0,3.0,0.0,0.0,107.0,106.0
2026-02-08,L2,CCâ†’CW,20067.0,Los Canelos,2026-02-08 16:03:00,2026-02-08 15:55:30,780.0,14,16,14.0,690.0,14.0,0.0,0.0,106.0,104.0
2026-02-08,L2,CCâ†’CW,20067.0,Cristo Redentor,2026-02-08 16:08:00,2026-02-08 16:00:00,780.0,3,28,3.0,704.0,3.0,0.0,0.0,104.0,79.0
2026-02-08,L2,CCâ†’CW,20067.0,Huinca,2026-02-08 16:05:00,2026-02-08 16:02:30,780.0,4,13,4.0,714.0,4.0,0.0,0.0,79.0,70.0
2026-02-08,L2,CCâ†’CW,20067.0,Laguna Quinenco,2026-02-08 16:11:00,,780.0,0,47,0.0,757.0,0.0,0.0,0.0,70.0,23.0
2026-02-08,L2,CCâ†’CW,20067.0,Coronel,2026-02-08 16:14:00,,780.0,0,23,0.0,780.0,0.0,0.0,0.0,23.0,0.0
2026-02-08,L2,CCâ†’CW,20069.0,Concepcion,,2026-02-08 16:27:00,780.0,142,0,142.0,780.0,142.0,0.0,0.0,0.0,142.0
2026-02-08,L2,CCâ†’CW,20069.0,Alborada,2026-02-08 16:57:00,2026-02-08 16:39:00,780.0,1,3,1.0,641.0,1.0,0.0,0.0,142.0,140.0
2026-02-08,L2,CCâ†’CW,20069.0,Juan Pablo II,2026-02-08 16:52:00,2026-02-08 16:42:00,780.0,6,5,6.0,645.0,6.0,0.0,0.0,140.0,141.0
2026-02-08,L2,CCâ†’CW,20069.0,El Parque,2026-02-08 17:03:00,2026-02-08 16:43:30,780.0,14,16,14.0,655.0,14.0,0.0,0.0,141.0,139.0
2026-02-08,L2,CCâ†’CW,20069.0,Diagonal Bio Bio,2026-02-08 16:55:00,2026-02-08 16:45:30,780.0,10,3,10.0,644.0,10.0,0.0,0.0,139.0,146.0
2026-02-08,L2,CCâ†’CW,20069.0,Costa Mar,2026-02-08 16:59:00,2026-02-08 16:55:00,780.0,11,9,11.0,643.0,11.0,0.0,0.0,146.0,148.0
2026-02-08,L2,CCâ†’CW,20069.0,Cristo Redentor,2026-02-08 17:24:00,2026-02-08 16:57:00,780.0,2,41,2.0,673.0,2.0,0.0,0.0,148.0,109.0
2026-02-08,L2,CCâ†’CW,20069.0,Lomas Coloradas,2026-02-08 17:06:00,2026-02-08 17:01:00,780.0,11,16,11.0,687.0,11.0,0.0,0.0,109.0,104.0
2026-02-08,L2,CCâ†’CW,20069.0,Cdal. Raul Silva Henriquez,2026-02-08 17:09:00,2026-02-08 17:04:00,780.0,11,12,11.0,688.0,11.0,0.0,0.0,104.0,103.0
2026-02-08,L2,CCâ†’CW,20069.0,Los Canelos,2026-02-08 17:19:00,2026-02-08 17:09:00,780.0,6,25,6.0,702.0,6.0,0.0,0.0,103.0,84.0
2026-02-08,L2,CCâ†’CW,20069.0,Hito Galvarino,2026-02-08 17:16:00,2026-02-08 17:11:00,780.0,3,18,3.0,714.0,3.0,0.0,0.0,84.0,69.0
2026-02-08,L2,CCâ†’CW,20069.0,Huinca,2026-02-08 17:22:00,2026-02-08 17:16:00,780.0,4,10,4.0,721.0,4.0,0.0,0.0,69.0,63.0
2026-02-08,L2,CCâ†’CW,20069.0,Laguna Quinenco,2026-02-08 17:27:00,2026-02-08 17:26:00,780.0,1,36,1.0,753.0,1.0,0.0,0.0,63.0,28.0
2026-02-08,L2,CCâ†’CW,20069.0,Coronel,2026-02-08 17:31:00,,780.0,0,28,0.0,780.0,0.0,0.0,0.0,28.0,0.0
2026-02-08,L2,CCâ†’CW,20149.0,Juan Pablo II,,2026-02-08 08:13:00,780.0,5,0,5.0,780.0,5.0,0.0,0.0,0.0,5.0
2026-02-08,L2,CCâ†’CW,20149.0,Concepcion,,2026-02-08 08:19:30,780.0,48,0,48.0,775.0,48.0,0.0,0.0,5.0,53.0
2026-02-08,L2,CCâ†’CW,20149.0,Diagonal Bio Bio,,2026-02-08 08:35:00,780.0,2,0,2.0,727.0,2.0,0.0,0.0,53.0,55.0
2026-02-08,L2,CCâ†’CW,20149.0,Costa Mar,2026-02-08 08:47:00,2026-02-08 08:36:00,780.0,8,5,8.0,730.0,8.0,0.0,0.0,55.0,58.0
2026-02-08,L2,CCâ†’CW,20149.0,Alborada,,2026-02-08 08:38:00,780.0,1,0,1.0,722.0,1.0,0.0,0.0,58.0,59.0
2026-02-08,L2,CCâ†’CW,20149.0,Cdal. Raul Silva Henriquez,2026-02-08 08:55:00,2026-02-08 08:45:00,780.0,3,7,3.0,728.0,3.0,0.0,0.0,59.0,55.0
2026-02-08,L2,CCâ†’CW,20149.0,El Parque,2026-02-08 08:49:00,2026-02-08 08:47:00,780.0,4,3,4.0,728.0,4.0,0.0,0.0,55.0,56.0
2026-02-08,L2,CCâ†’CW,20149.0,Lomas Coloradas,2026-02-08 08:52:00,2026-02-08 08:47:00,780.0,3,5,3.0,729.0,3.0,0.0,0.0,56.0,54.0
2026-02-08,L2,CCâ†’CW,20149.0,Hito Galvarino,,2026-02-08 08:47:00,780.0,4,0,4.0,726.0,4.0,0.0,0.0,54.0,58.0
2026-02-08,L2,CCâ†’CW,20149.0,Cristo Redentor,2026-02-08 09:09:00,2026-02-08 08:58:00,780.0,1,13,1.0,735.0,1.0,0.0,0.0,58.0,46.0
2026-02-08,L2,CCâ†’CW,20149.0,Los Canelos,2026-02-08 09:05:00,,780.0,0,10,0.0,744.0,0.0,0.0,0.0,46.0,36.0
2026-02-08,L2,CCâ†’CW,20149.0,Huinca,2026-02-08 09:07:00,,780.0,0,8,0.0,752.0,0.0,0.0,0.0,36.0,28.0
2026-02-08,L2,CCâ†’CW,20149.0,Laguna Quinenco,2026-02-08 09:12:00,,780.0,0,18,0.0,770.0,0.0,0.0,0.0,28.0,10.0
2026-02-08,L2,CCâ†’CW,20149.0,Coronel,2026-02-08 09:15:00,,780.0,0,10,0.0,780.0,0.0,0.0,0.0,10.0,0.0
2026-02-08,L2,CCâ†’CW,20153.0,Concepcion,,2026-02-08 09:03:00,780.0,49,0,49.0,780.0,49.0,0.0,0.0,0.0,49.0
2026-02-08,L2,CCâ†’CW,20153.0,Alborada,,2026-02-08 09:11:00,780.0,2,0,2.0,731.0,2.0,0.0,0.0,49.0,51.0
2026-02-08,L2,CCâ†’CW,20153.0,Juan Pablo II,,2026-02-08 09:16:00,780.0,7,0,7.0,729.0,7.0,0.0,0.0,51.0,58.0
2026-02-08,L2,CCâ†’CW,20153.0,Diagonal Bio Bio,,2026-02-08 09:18:30,780.0,6,0,6.0,722.0,6.0,0.0,0.0,58.0,64.0
2026-02-08,L2,CCâ†’CW,20153.0,El Parque,2026-02-08 09:36:00,2026-02-08 09:22:00,780.0,2,19,2.0,735.0,2.0,0.0,0.0,64.0,47.0
2026-02-08,L2,CCâ†’CW,20153.0,Costa Mar,2026-02-08 09:33:00,2026-02-08 09:26:30,780.0,16,3,16.0,736.0,16.0,0.0,0.0,47.0,60.0
2026-02-08,L2,CCâ†’CW,20153.0,Lomas Coloradas,2026-02-08 09:38:00,2026-02-08 09:36:00,780.0,5,7,5.0,727.0,5.0,0.0,0.0,60.0,58.0
2026-02-08,L2,CCâ†’CW,20153.0,Cdal. Raul Silva Henriquez,2026-02-08 09:42:00,2026-02-08 09:39:00,780.0,8,7,8.0,729.0,8.0,0.0,0.0,58.0,59.0
2026-02-08,L2,CCâ†’CW,20153.0,Hito Galvarino,2026-02-08 09:48:00,2026-02-08 09:43:00,780.0,1,4,1.0,725.0,1.0,0.0,0.0,59.0,56.0
2026-02-08,L2,CCâ†’CW,20153.0,Los Canelos,2026-02-08 09:52:00,2026-02-08 09:48:30,780.0,2,8,2.0,732.0,2.0,0.0,0.0,56.0,50.0
2026-02-08,L2,CCâ†’CW,20153.0,Cristo Redentor,2026-02-08 09:57:00,2026-02-08 09:51:00,780.0,1,14,1.0,744.0,1.0,0.0,0.0,50.0,37.0
2026-02-08,L2,CCâ†’CW,20153.0,Huinca,2026-02-08 09:55:00,,780.0,0,5,0.0,748.0,0.0,0.0,0.0,37.0,32.0
2026-02-08,L2,CCâ†’CW,20153.0,Laguna Quinenco,2026-02-08 09:59:00,2026-02-08 09:57:00,780.0,1,19,1.0,767.0,1.0,0.0,0.0,32.0,14.0
2026-02-08,L2,CCâ†’CW,20153.0,Coronel,2026-02-08 10:03:00,,780.0,0,14,0.0,780.0,0.0,0.0,0.0,14.0,0.0
2026-02-08,L2,CCâ†’CW,20157.0,Concepcion,,2026-02-08 17:17:00,780.0,104,0,104.0,780.0,104.0,0.0,0.0,0.0,104.0
2026-02-08,L2,CCâ†’CW,20157.0,Alborada,2026-02-08 17:51:00,2026-02-08 17:28:00,780.0,2,1,2.0,677.0,2.0,0.0,0.0,104.0,105.0
2026-02-08,L2,CCâ†’CW,20157.0,Juan Pablo II,2026-02-08 17:41:00,2026-02-08 17:31:30,780.0,8,5,8.0,680.0,8.0,0.0,0.0,105.0,108.0
2026-02-08,L2,CCâ†’CW,20157.0,Diagonal Bio Bio,2026-02-08 17:43:00,2026-02-08 17:33:00,780.0,16,4,16.0,676.0,16.0,0.0,0.0,108.0,120.0
2026-02-08,L2,CCâ†’CW,20157.0,Costa Mar,2026-02-08 17:48:00,2026-02-08 17:42:00,780.0,17,5,17.0,665.0,17.0,0.0,0.0,120.0,132.0
2026-02-08,L2,CCâ†’CW,20157.0,El Parque,2026-02-08 17:51:00,2026-02-08 17:42:00,780.0,18,8,18.0,656.0,18.0,0.0,0.0,132.0,142.0
2026-02-08,L2,CCâ†’CW,20157.0,Lomas Coloradas,2026-02-08 17:53:00,2026-02-08 17:42:00,780.0,10,20,10.0,658.0,10.0,0.0,0.0,142.0,132.0
2026-02-08,L2,CCâ†’CW,20157.0,Cdal. Raul Silva Henriquez,2026-02-08 17:55:00,2026-02-08 17:49:30,780.0,4,13,4.0,661.0,4.0,0.0,0.0,132.0,123.0
2026-02-08,L2,CCâ†’CW,20157.0,Huinca,2026-02-08 18:06:00,2026-02-08 17:51:00,780.0,3,21,3.0,678.0,3.0,0.0,0.0,123.0,105.0
2026-02-08,L2,CCâ†’CW,20157.0,Hito Galvarino,2026-02-08 18:00:00,2026-02-08 17:55:30,780.0,2,7,2.0,682.0,2.0,0.0,0.0,105.0,100.0
2026-02-08,L2,CCâ†’CW,20157.0,Los Canelos,2026-02-08 18:04:00,2026-02-08 17:58:00,780.0,10,20,10.0,700.0,10.0,0.0,0.0,100.0,90.0
2026-02-08,L2,CCâ†’CW,20157.0,Cristo Redentor,2026-02-08 18:08:00,,780.0,0,43,0.0,733.0,0.0,0.0,0.0,90.0,47.0
2026-02-08,L2,CCâ†’CW,20157.0,Laguna Quinenco,2026-02-08 18:11:00,,780.0,0,33,0.0,766.0,0.0,0.0,0.0,47.0,14.0
2026-02-08,L2,CCâ†’CW,20157.0,Coronel,2026-02-08 18:13:00,,780.0,0,14,0.0,780.0,0.0,0.0,0.0,14.0,0.0
2026-02-08,L2,CCâ†’CW,20161.0,Concepcion,,2026-02-08 18:15:00,780.0,151,0,151.0,780.0,151.0,0.0,0.0,0.0,151.0
2026-02-08,L2,CCâ†’CW,20161.0,Laguna Quinenco,2026-02-08 19:11:00,2026-02-08 18:25:00,780.0,4,45,4.0,674.0,4.0,0.0,0.0,151.0,110.0
2026-02-08,L2,CCâ†’CW,20161.0,Juan Pablo II,,2026-02-08 18:29:00,780.0,16,0,16.0,670.0,16.0,0.0,0.0,110.0,126.0
2026-02-08,L2,CCâ†’CW,20161.0,Alborada,2026-02-08 18:42:30,2026-02-08 18:32:00,780.0,5,2,5.0,656.0,5.0,0.0,0.0,126.0,129.0
2026-02-08,L2,CCâ†’CW,20161.0,Diagonal Bio Bio,2026-02-08 18:40:00,2026-02-08 18:33:30,780.0,10,3,10.0,654.0,10.0,0.0,0.0,129.0,136.0
2026-02-08,L2,CCâ†’CW,20161.0,Costa Mar,2026-02-08 18:45:00,2026-02-08 18:37:30,780.0,20,10,20.0,654.0,20.0,0.0,0.0,136.0,146.0
2026-02-08,L2,CCâ†’CW,20161.0,El Parque,2026-02-08 18:48:00,2026-02-08 18:41:00,780.0,19,12,19.0,646.0,19.0,0.0,0.0,146.0,153.0
2026-02-08,L2,CCâ†’CW,20161.0,Lomas Coloradas,2026-02-08 18:49:00,2026-02-08 18:41:00,780.0,11,23,11.0,650.0,11.0,0.0,0.0,153.0,141.0
2026-02-08,L2,CCâ†’CW,20161.0,Hito Galvarino,2026-02-08 18:59:00,2026-02-08 18:51:00,780.0,3,12,3.0,651.0,3.0,0.0,0.0,141.0,132.0
2026-02-08,L2,CCâ†’CW,20161.0,Cdal. Raul Silva Henriquez,2026-02-08 18:53:00,2026-02-08 18:52:00,780.0,5,13,5.0,661.0,5.0,0.0,0.0,132.0,124.0
2026-02-08,L2,CCâ†’CW,20161.0,Los Canelos,2026-02-08 19:03:00,2026-02-08 18:56:00,780.0,5,39,5.0,695.0,5.0,0.0,0.0,124.0,90.0
2026-02-08,L2,CCâ†’CW,20161.0,Huinca,2026-02-08 19:06:00,2026-02-08 18:57:30,780.0,2,24,2.0,714.0,2.0,0.0,0.0,90.0,68.0
2026-02-08,L2,CCâ†’CW,20161.0,Cristo Redentor,2026-02-08 19:08:00,2026-02-08 19:00:30,780.0,2,33,2.0,745.0,2.0,0.0,0.0,68.0,37.0
2026-02-08,L2,CCâ†’CW,20161.0,Coronel,2026-02-08 19:13:00,,780.0,0,37,0.0,780.0,0.0,0.0,0.0,37.0,0.0
2026-02-08,L2,CCâ†’CW,20163.0,Concepcion,,2026-02-08 18:50:30,780.0,106,0,106.0,780.0,106.0,0.0,0.0,0.0,106.0
2026-02-08,L2,CCâ†’CW,20163.0,Alborada,2026-02-08 19:15:30,2026-02-08 18:55:00,780.0,3,4,3.0,678.0,3.0,0.0,0.0,106.0,105.0
2026-02-08,L2,CCâ†’CW,20163.0,Juan Pablo II,2026-02-08 19:08:00,2026-02-08 19:01:00,780.0,14,1,14.0,676.0,14.0,0.0,0.0,105.0,118.0
2026-02-08,L2,CCâ†’CW,20163.0,Diagonal Bio Bio,2026-02-08 19:12:00,2026-02-08 19:02:30,780.0,16,1,16.0,663.0,16.0,0.0,0.0,118.0,133.0
2026-02-08,L2,CCâ†’CW,20163.0,El Parque,2026-02-08 19:20:00,2026-02-08 19:08:00,780.0,13,4,13.0,651.0,13.0,0.0,0.0,133.0,142.0
2026-02-08,L2,CCâ†’CW,20163.0,Costa Mar,2026-02-08 19:16:30,2026-02-08 19:09:30,780.0,10,8,10.0,646.0,10.0,0.0,0.0,142.0,144.0
2026-02-08,L2,CCâ†’CW,20163.0,Lomas Coloradas,2026-02-08 19:22:00,2026-02-08 19:15:00,780.0,11,14,11.0,650.0,11.0,0.0,0.0,144.0,141.0
2026-02-08,L2,CCâ†’CW,20163.0,Cdal. Raul Silva Henriquez,2026-02-08 19:26:00,2026-02-08 19:20:30,780.0,4,22,4.0,661.0,4.0,0.0,0.0,141.0,123.0
2026-02-08,L2,CCâ†’CW,20163.0,Hito Galvarino,2026-02-08 19:32:00,2026-02-08 19:27:00,780.0,3,7,3.0,664.0,3.0,0.0,0.0,123.0,119.0
2026-02-08,L2,CCâ†’CW,20163.0,Cristo Redentor,2026-02-08 19:40:00,2026-02-08 19:30:00,780.0,1,17,1.0,678.0,1.0,0.0,0.0,119.0,103.0
2026-02-08,L2,CCâ†’CW,20163.0,Los Canelos,2026-02-08 19:35:30,2026-02-08 19:33:00,780.0,1,32,1.0,709.0,1.0,0.0,0.0,103.0,72.0
2026-02-08,L2,CCâ†’CW,20163.0,Huinca,2026-02-08 19:38:00,2026-02-08 19:35:00,780.0,2,26,2.0,734.0,2.0,0.0,0.0,72.0,48.0
2026-02-08,L2,CCâ†’CW,20163.0,Laguna Quinenco,2026-02-08 19:43:00,,780.0,0,18,0.0,750.0,0.0,0.0,0.0,48.0,30.0
2026-02-08,L2,CCâ†’CW,20163.0,Coronel,2026-02-08 19:46:00,,780.0,0,30,0.0,780.0,0.0,0.0,0.0,30.0,0.0
2026-02-08,L2,CCâ†’CW,20167.0,Juan Pablo II,,2026-02-08 19:44:00,780.0,51,0,51.0,780.0,51.0,0.0,0.0,0.0,51.0
2026-02-08,L2,CCâ†’CW,20167.0,Concepcion,,2026-02-08 19:46:00,780.0,242,0,242.0,729.0,242.0,0.0,0.0,51.0,293.0
2026-02-08,L2,CCâ†’CW,20167.0,Diagonal Bio Bio,2026-02-08 20:12:00,2026-02-08 19:52:00,780.0,25,11,25.0,498.0,25.0,0.0,0.0,293.0,307.0
2026-02-08,L2,CCâ†’CW,20167.0,Alborada,2026-02-08 20:15:00,2026-02-08 20:02:00,780.0,4,6,4.0,479.0,4.0,0.0,0.0,307.0,305.0
2026-02-08,L2,CCâ†’CW,20167.0,Costa Mar,2026-02-08 20:17:00,2026-02-08 20:06:00,780.0,23,37,23.0,512.0,23.0,0.0,0.0,305.0,291.0
2026-02-08,L2,CCâ†’CW,20167.0,El Parque,2026-02-08 20:20:00,2026-02-08 20:07:00,780.0,52,6,52.0,495.0,52.0,0.0,0.0,291.0,337.0
2026-02-08,L2,CCâ†’CW,20167.0,Cdal. Raul Silva Henriquez,2026-02-08 20:26:00,2026-02-08 20:12:00,780.0,3,39,3.0,482.0,3.0,0.0,0.0,337.0,301.0
2026-02-08,L2,CCâ†’CW,20167.0,Huinca,2026-02-08 20:38:00,2026-02-08 20:16:30,780.0,2,36,2.0,515.0,2.0,0.0,0.0,301.0,267.0
2026-02-08,L2,CCâ†’CW,20167.0,Lomas Coloradas,2026-02-08 20:23:00,2026-02-08 20:19:00,780.0,12,41,12.0,554.0,12.0,0.0,0.0,267.0,238.0
2026-02-08,L2,CCâ†’CW,20167.0,Los Canelos,2026-02-08 20:36:00,2026-02-08 20:23:00,780.0,2,60,2.0,602.0,2.0,0.0,0.0,238.0,180.0
2026-02-08,L2,CCâ†’CW,20167.0,Hito Galvarino,2026-02-08 20:32:00,2026-02-08 20:24:00,780.0,3,25,3.0,625.0,3.0,0.0,0.0,180.0,158.0
2026-02-08,L2,CCâ†’CW,20167.0,Cristo Redentor,2026-02-08 20:41:00,2026-02-08 20:25:00,780.0,1,73,1.0,695.0,1.0,0.0,0.0,158.0,86.0
2026-02-08,L2,CCâ†’CW,20167.0,Laguna Quinenco,2026-02-08 20:43:00,2026-02-08 20:35:00,780.0,1,50,1.0,744.0,1.0,0.0,0.0,86.0,37.0
2026-02-08,L2,CCâ†’CW,20167.0,Coronel,2026-02-08 20:46:00,,780.0,0,37,0.0,780.0,0.0,0.0,0.0,37.0,0.0
2026-02-08,L2,CCâ†’CW,20171.0,Concepcion,,2026-02-08 20:41:00,780.0,242,0,242.0,780.0,242.0,0.0,0.0,0.0,242.0
2026-02-08,L2,CCâ†’CW,20171.0,Juan Pablo II,,2026-02-08 20:50:00,780.0,30,0,30.0,538.0,30.0,0.0,0.0,242.0,272.0
2026-02-08,L2,CCâ†’CW,20171.0,Diagonal Bio Bio,2026-02-08 21:17:00,2026-02-08 21:02:30,780.0,18,4,18.0,512.0,18.0,0.0,0.0,272.0,286.0
2026-02-08,L2,CCâ†’CW,20171.0,Alborada,2026-02-08 21:21:00,2026-02-08 21:03:00,780.0,8,7,8.0,501.0,8.0,0.0,0.0,286.0,287.0
2026-02-08,L2,CCâ†’CW,20171.0,Lomas Coloradas,2026-02-08 21:27:00,2026-02-08 21:07:00,780.0,11,43,11.0,536.0,11.0,0.0,0.0,287.0,255.0
2026-02-08,L2,CCâ†’CW,20171.0,Cdal. Raul Silva Henriquez,2026-02-08 21:30:00,2026-02-08 21:13:00,780.0,4,44,4.0,569.0,4.0,0.0,0.0,255.0,215.0
2026-02-08,L2,CCâ†’CW,20171.0,El Parque,2026-02-08 21:25:00,2026-02-08 21:13:30,780.0,12,6,12.0,571.0,12.0,0.0,0.0,215.0,221.0
2026-02-08,L2,CCâ†’CW,20171.0,Costa Mar,2026-02-08 21:22:00,2026-02-08 21:14:00,780.0,13,16,13.0,575.0,13.0,0.0,0.0,221.0,218.0
2026-02-08,L2,CCâ†’CW,20171.0,Cristo Redentor,2026-02-08 21:42:00,2026-02-08 21:18:00,780.0,1,52,1.0,614.0,1.0,0.0,0.0,218.0,167.0
2026-02-08,L2,CCâ†’CW,20171.0,Los Canelos,2026-02-08 21:39:00,2026-02-08 21:33:00,780.0,4,57,4.0,670.0,4.0,0.0,0.0,167.0,114.0
2026-02-08,L2,CCâ†’CW,20171.0,Hito Galvarino,2026-02-08 21:35:00,,780.0,0,19,0.0,685.0,0.0,0.0,0.0,114.0,95.0
2026-02-08,L2,CCâ†’CW,20171.0,Huinca,2026-02-08 21:40:00,,780.0,0,32,0.0,717.0,0.0,0.0,0.0,95.0,63.0
2026-02-08,L2,CCâ†’CW,20171.0,Laguna Quinenco,2026-02-08 21:45:00,,780.0,0,35,0.0,752.0,0.0,0.0,0.0,63.0,28.0
2026-02-08,L2,CCâ†’CW,20171.0,Coronel,2026-02-08 21:48:00,,780.0,0,28,0.0,780.0,0.0,0.0,0.0,28.0,0.0
2026-02-08,L2,CWâ†’CC,20040.0,Coronel,,2026-02-08 09:30:00,780.0,7,0,7.0,780.0,7.0,0.0,0.0,0.0,7.0
2026-02-08,L2,CWâ†’CC,20040.0,Laguna Quinenco,,2026-02-08 09:34:00,780.0,12,0,12.0,773.0,12.0,0.0,0.0,7.0,19.0
2026-02-08,L2,CWâ†’CC,20040.0,Cristo Redentor,,2026-02-08 09:36:00,780.0,15,0,15.0,761.0,15.0,0.0,0.0,19.0,34.0
2026-02-08,L2,CWâ†’CC,20040.0,Los Canelos,2026-02-08 09:50:00,2026-02-08 09:42:00,780.0,10,1,10.0,747.0,10.0,0.0,0.0,34.0,43.0
2026-02-08,L2,CWâ†’CC,20040.0,Huinca,2026-02-08 09:48:00,2026-02-08 09:44:00,780.0,2,2,2.0,739.0,2.0,0.0,0.0,43.0,43.0
2026-02-08,L2,CWâ†’CC,20040.0,Hito Galvarino,,2026-02-08 09:46:00,780.0,7,0,7.0,737.0,7.0,0.0,0.0,43.0,50.0
2026-02-08,L2,CWâ†’CC,20040.0,Cdal. Raul Silva Henriquez,,2026-02-08 09:54:30,780.0,10,0,10.0,730.0,10.0,0.0,0.0,50.0,60.0
2026-02-08,L2,CWâ†’CC,20040.0,Lomas Coloradas,2026-02-08 10:03:00,2026-02-08 09:57:00,780.0,8,4,8.0,724.0,8.0,0.0,0.0,60.0,64.0
2026-02-08,L2,CWâ†’CC,20040.0,Costa Mar,2026-02-08 10:08:00,2026-02-08 10:02:00,780.0,2,4,2.0,720.0,2.0,0.0,0.0,64.0,62.0
2026-02-08,L2,CWâ†’CC,20040.0,El Parque,2026-02-08 10:06:00,,780.0,0,11,0.0,729.0,0.0,0.0,0.0,62.0,51.0
2026-02-08,L2,CWâ†’CC,20040.0,Alborada,2026-02-08 10:10:00,,780.0,0,1,0.0,730.0,0.0,0.0,0.0,51.0,50.0
2026-02-08,L2,CWâ†’CC,20040.0,Diagonal Bio Bio,2026-02-08 10:12:00,,780.0,0,7,0.0,737.0,0.0,0.0,0.0,50.0,43.0
2026-02-08,L2,CWâ†’CC,20040.0,Juan Pablo II,2026-02-08 10:15:00,2026-02-08 10:13:00,780.0,1,6,1.0,743.0,1.0,0.0,0.0,43.0,38.0
2026-02-08,L2,CWâ†’CC,20040.0,Concepcion,2026-02-08 10:22:00,,780.0,0,38,0.0,780.0,0.0,0.0,0.0,38.0,0.0
2026-02-08,L2,CWâ†’CC,20044.0,Coronel,,2026-02-08 09:52:00,780.0,11,0,11.0,780.0,11.0,0.0,0.0,0.0,11.0
2026-02-08,L2,CWâ†’CC,20044.0,Laguna Quinenco,,2026-02-08 09:54:30,780.0,12,0,12.0,769.0,12.0,0.0,0.0,11.0,23.0
2026-02-08,L2,CWâ†’CC,20044.0,Cristo Redentor,2026-02-08 10:11:00,2026-02-08 10:03:30,780.0,16,1,16.0,758.0,16.0,0.0,0.0,23.0,38.0
2026-02-08,L2,CWâ†’CC,20044.0,Huinca,,2026-02-08 10:05:00,780.0,14,0,14.0,742.0,14.0,0.0,0.0,38.0,52.0
2026-02-08,L2,CWâ†’CC,20044.0,Hito Galvarino,,2026-02-08 10:08:00,780.0,3,0,3.0,728.0,3.0,0.0,0.0,52.0,55.0
2026-02-08,L2,CWâ†’CC,20044.0,Los Canelos,2026-02-08 10:15:00,2026-02-08 10:13:00,780.0,7,3,7.0,728.0,7.0,0.0,0.0,55.0,59.0
2026-02-08,L2,CWâ†’CC,20044.0,Cdal. Raul Silva Henriquez,2026-02-08 10:25:00,2026-02-08 10:21:30,780.0,16,1,16.0,722.0,16.0,0.0,0.0,59.0,74.0
2026-02-08,L2,CWâ†’CC,20044.0,El Parque,2026-02-08 10:31:00,2026-02-08 10:23:00,780.0,1,5,1.0,711.0,1.0,0.0,0.0,74.0,70.0
2026-02-08,L2,CWâ†’CC,20044.0,Lomas Coloradas,2026-02-08 10:28:00,2026-02-08 10:25:00,780.0,12,3,12.0,713.0,12.0,0.0,0.0,70.0,79.0
2026-02-08,L2,CWâ†’CC,20044.0,Costa Mar,2026-02-08 10:33:00,2026-02-08 10:26:00,780.0,4,10,4.0,711.0,4.0,0.0,0.0,79.0,73.0
2026-02-08,L2,CWâ†’CC,20044.0,Diagonal Bio Bio,2026-02-08 10:38:00,2026-02-08 10:29:00,780.0,3,6,3.0,713.0,3.0,0.0,0.0,73.0,70.0
2026-02-08,L2,CWâ†’CC,20044.0,Alborada,,2026-02-08 10:29:00,780.0,1,0,1.0,710.0,1.0,0.0,0.0,70.0,71.0
2026-02-08,L2,CWâ†’CC,20044.0,Juan Pablo II,2026-02-08 10:41:00,,780.0,0,10,0.0,719.0,0.0,0.0,0.0,71.0,61.0
2026-02-08,L2,CWâ†’CC,20044.0,Concepcion,2026-02-08 10:48:00,,780.0,0,61,0.0,780.0,0.0,0.0,0.0,61.0,0.0
2026-02-08,L2,CWâ†’CC,20050.0,Coronel,,2026-02-08 10:46:30,780.0,28,0,28.0,780.0,28.0,0.0,0.0,0.0,28.0
2026-02-08,L2,CWâ†’CC,20050.0,Laguna Quinenco,2026-02-08 11:00:00,2026-02-08 10:48:00,780.0,22,1,22.0,753.0,22.0,0.0,0.0,28.0,49.0
2026-02-08,L2,CWâ†’CC,20050.0,Cristo Redentor,,2026-02-08 10:54:00,780.0,9,0,9.0,731.0,9.0,0.0,0.0,49.0,58.0
2026-02-08,L2,CWâ†’CC,20050.0,Huinca,2026-02-08 11:04:00,2026-02-08 10:56:00,780.0,9,1,9.0,723.0,9.0,0.0,0.0,58.0,66.0
2026-02-08,L2,CWâ†’CC,20050.0,Los Canelos,2026-02-08 11:05:00,2026-02-08 10:56:00,780.0,16,1,16.0,715.0,16.0,0.0,0.0,66.0,81.0
2026-02-08,L2,CWâ†’CC,20050.0,Hito Galvarino,,2026-02-08 11:05:30,780.0,4,0,4.0,699.0,4.0,0.0,0.0,81.0,85.0
2026-02-08,L2,CWâ†’CC,20050.0,Cdal. Raul Silva Henriquez,2026-02-08 11:17:00,2026-02-08 11:11:00,780.0,20,6,20.0,701.0,20.0,0.0,0.0,85.0,99.0
2026-02-08,L2,CWâ†’CC,20050.0,Lomas Coloradas,2026-02-08 11:19:00,2026-02-08 11:11:00,780.0,15,8,15.0,689.0,15.0,0.0,0.0,99.0,106.0
2026-02-08,L2,CWâ†’CC,20050.0,El Parque,2026-02-08 11:22:00,2026-02-08 11:14:00,780.0,5,15,5.0,689.0,5.0,0.0,0.0,106.0,96.0
2026-02-08,L2,CWâ†’CC,20050.0,Costa Mar,2026-02-08 11:24:00,2026-02-08 11:18:00,780.0,3,10,3.0,694.0,3.0,0.0,0.0,96.0,89.0
2026-02-08,L2,CWâ†’CC,20050.0,Alborada,2026-02-08 11:26:00,2026-02-08 11:24:00,780.0,3,3,3.0,694.0,3.0,0.0,0.0,89.0,89.0
2026-02-08,L2,CWâ†’CC,20050.0,Diagonal Bio Bio,2026-02-08 11:29:00,2026-02-08 11:24:00,780.0,1,7,1.0,698.0,1.0,0.0,0.0,89.0,83.0
2026-02-08,L2,CWâ†’CC,20050.0,Juan Pablo II,2026-02-08 11:31:00,2026-02-08 11:30:00,780.0,1,11,1.0,708.0,1.0,0.0,0.0,83.0,73.0
2026-02-08,L2,CWâ†’CC,20050.0,Concepcion,2026-02-08 11:39:00,,780.0,0,73,0.0,780.0,0.0,0.0,0.0,73.0,0.0
2026-02-08,L2,CWâ†’CC,20052.0,Laguna Quinenco,2026-02-08 11:23:00,2026-02-08 11:14:00,780.0,20,1,20.0,780.0,20.0,0.0,0.0,0.0,19.0
2026-02-08,L2,CWâ†’CC,20052.0,Coronel,,2026-02-08 11:15:00,780.0,7,0,7.0,761.0,7.0,0.0,0.0,19.0,26.0
2026-02-08,L2,CWâ†’CC,20052.0,Cristo Redentor,,2026-02-08 11:18:00,780.0,18,0,18.0,754.0,18.0,0.0,0.0,26.0,44.0
2026-02-08,L2,CWâ†’CC,20052.0,Huinca,,2026-02-08 11:24:30,780.0,14,0,14.0,736.0,14.0,0.0,0.0,44.0,58.0
2026-02-08,L2,CWâ†’CC,20052.0,Los Canelos,2026-02-08 11:30:00,2026-02-08 11:25:00,780.0,21,2,21.0,724.0,21.0,0.0,0.0,58.0,77.0
2026-02-08,L2,CWâ†’CC,20052.0,Hito Galvarino,2026-02-08 11:35:00,2026-02-08 11:25:00,780.0,2,1,2.0,704.0,2.0,0.0,0.0,77.0,78.0
2026-02-08,L2,CWâ†’CC,20052.0,Cdal. Raul Silva Henriquez,2026-02-08 11:39:00,2026-02-08 11:33:00,780.0,9,4,9.0,706.0,9.0,0.0,0.0,78.0,83.0
2026-02-08,L2,CWâ†’CC,20052.0,Lomas Coloradas,2026-02-08 11:43:00,2026-02-08 11:37:00,780.0,21,9,21.0,706.0,21.0,0.0,0.0,83.0,95.0
2026-02-08,L2,CWâ†’CC,20052.0,Costa Mar,2026-02-08 11:48:00,2026-02-08 11:43:30,780.0,2,6,2.0,691.0,2.0,0.0,0.0,95.0,91.0
2026-02-08,L2,CWâ†’CC,20052.0,El Parque,2026-02-08 11:46:00,,780.0,0,6,0.0,695.0,0.0,0.0,0.0,91.0,85.0
2026-02-08,L2,CWâ†’CC,20052.0,Alborada,2026-02-08 11:50:00,,780.0,0,2,0.0,697.0,0.0,0.0,0.0,85.0,83.0
2026-02-08,L2,CWâ†’CC,20052.0,Diagonal Bio Bio,2026-02-08 11:53:00,,780.0,0,10,0.0,707.0,0.0,0.0,0.0,83.0,73.0
2026-02-08,L2,CWâ†’CC,20052.0,Juan Pablo II,2026-02-08 11:56:00,,780.0,0,12,0.0,719.0,0.0,0.0,0.0,73.0,61.0
2026-02-08,L2,CWâ†’CC,20052.0,Concepcion,2026-02-08 12:03:00,,780.0,0,61,0.0,780.0,0.0,0.0,0.0,61.0,0.0
2026-02-08,L2,CWâ†’CC,20056.0,Coronel,,2026-02-08 12:10:00,780.0,37,0,37.0,780.0,37.0,0.0,0.0,0.0,37.0
2026-02-08,L2,CWâ†’CC,20056.0,Laguna Quinenco,2026-02-08 12:22:00,2026-02-08 12:12:00,780.0,27,1,27.0,744.0,27.0,0.0,0.0,37.0,63.0
2026-02-08,L2,CWâ†’CC,20056.0,Cristo Redentor,2026-02-08 12:26:00,2026-02-08 12:16:00,780.0,21,1,21.0,718.0,21.0,0.0,0.0,63.0,83.0
2026-02-08,L2,CWâ†’CC,20056.0,Huinca,2026-02-08 12:27:00,2026-02-08 12:18:00,780.0,16,3,16.0,700.0,16.0,0.0,0.0,83.0,96.0
2026-02-08,L2,CWâ†’CC,20056.0,Los Canelos,2026-02-08 12:29:00,2026-02-08 12:22:00,780.0,21,7,21.0,691.0,21.0,0.0,0.0,96.0,110.0
2026-02-08,L2,CWâ†’CC,20056.0,Hito Galvarino,2026-02-08 12:32:00,2026-02-08 12:24:00,780.0,5,2,5.0,672.0,5.0,0.0,0.0,110.0,113.0
2026-02-08,L2,CWâ†’CC,20056.0,Cdal. Raul Silva Henriquez,2026-02-08 12:37:00,2026-02-08 12:32:00,780.0,11,4,11.0,671.0,11.0,0.0,0.0,113.0,120.0
2026-02-08,L2,CWâ†’CC,20056.0,El Parque,2026-02-08 12:45:00,2026-02-08 12:32:00,780.0,6,12,6.0,672.0,6.0,0.0,0.0,120.0,114.0
2026-02-08,L2,CWâ†’CC,20056.0,Lomas Coloradas,2026-02-08 13:11:00,2026-02-08 12:32:00,780.0,16,2,16.0,668.0,16.0,0.0,0.0,114.0,128.0
2026-02-08,L2,CWâ†’CC,20056.0,Costa Mar,2026-02-08 12:47:00,2026-02-08 12:39:00,780.0,9,11,9.0,663.0,9.0,0.0,0.0,128.0,126.0
2026-02-08,L2,CWâ†’CC,20056.0,Diagonal Bio Bio,2026-02-08 12:51:00,2026-02-08 12:45:30,780.0,2,7,2.0,661.0,2.0,0.0,0.0,126.0,121.0
2026-02-08,L2,CWâ†’CC,20056.0,Juan Pablo II,2026-02-08 12:54:00,,780.0,0,10,0.0,669.0,0.0,0.0,0.0,121.0,111.0
2026-02-08,L2,CWâ†’CC,20056.0,Concepcion,2026-02-08 13:05:00,,780.0,0,111,0.0,780.0,0.0,0.0,0.0,111.0,0.0
2026-02-08,L2,CWâ†’CC,20058.0,Coronel,,2026-02-08 12:28:00,780.0,7,0,7.0,780.0,7.0,0.0,0.0,0.0,7.0
2026-02-08,L2,CWâ†’CC,20058.0,Laguna Quinenco,,2026-02-08 12:30:00,780.0,14,0,14.0,773.0,14.0,0.0,0.0,7.0,21.0
2026-02-08,L2,CWâ†’CC,20058.0,Cristo Redentor,2026-02-08 12:38:00,2026-02-08 12:33:00,780.0,10,2,10.0,761.0,10.0,0.0,0.0,21.0,29.0
2026-02-08,L2,CWâ†’CC,20058.0,Los Canelos,2026-02-08 12:41:00,2026-02-08 12:35:00,780.0,7,1,7.0,752.0,7.0,0.0,0.0,29.0,35.0
2026-02-08,L2,CWâ†’CC,20058.0,Huinca,,2026-02-08 12:35:00,780.0,9,0,9.0,745.0,9.0,0.0,0.0,35.0,44.0
2026-02-08,L2,CWâ†’CC,20058.0,Hito Galvarino,2026-02-08 12:45:00,2026-02-08 12:41:30,780.0,8,1,8.0,737.0,8.0,0.0,0.0,44.0,51.0
2026-02-08,L2,CWâ†’CC,20058.0,Cdal. Raul Silva Henriquez,2026-02-08 12:52:00,2026-02-08 12:46:00,780.0,21,3,21.0,732.0,21.0,0.0,0.0,51.0,69.0
2026-02-08,L2,CWâ†’CC,20058.0,Lomas Coloradas,2026-02-08 12:55:00,2026-02-08 12:50:00,780.0,7,4,7.0,715.0,7.0,0.0,0.0,69.0,72.0
2026-02-08,L2,CWâ†’CC,20058.0,El Parque,2026-02-08 12:58:00,2026-02-08 12:53:00,780.0,4,2,4.0,710.0,4.0,0.0,0.0,72.0,74.0
2026-02-08,L2,CWâ†’CC,20058.0,Costa Mar,2026-02-08 13:00:00,2026-02-08 12:55:00,780.0,3,7,3.0,713.0,3.0,0.0,0.0,74.0,70.0
2026-02-08,L2,CWâ†’CC,20058.0,Alborada,2026-02-08 13:02:00,2026-02-08 12:58:00,780.0,1,3,1.0,713.0,1.0,0.0,0.0,70.0,68.0
2026-02-08,L2,CWâ†’CC,20058.0,Diagonal Bio Bio,2026-02-08 13:05:00,,780.0,0,17,0.0,729.0,0.0,0.0,0.0,68.0,51.0
2026-02-08,L2,CWâ†’CC,20058.0,Juan Pablo II,2026-02-08 13:07:30,,780.0,0,2,0.0,731.0,0.0,0.0,0.0,51.0,49.0
2026-02-08,L2,CWâ†’CC,20058.0,Concepcion,2026-02-08 13:15:00,,780.0,0,49,0.0,780.0,0.0,0.0,0.0,49.0,0.0
2026-02-08,L2,CWâ†’CC,20062.0,Coronel,,2026-02-08 13:40:00,780.0,26,0,26.0,780.0,26.0,0.0,0.0,0.0,26.0
2026-02-08,L2,CWâ†’CC,20062.0,Laguna Quinenco,,2026-02-08 13:40:00,780.0,29,0,29.0,754.0,29.0,0.0,0.0,26.0,55.0
2026-02-08,L2,CWâ†’CC,20062.0,Huinca,2026-02-08 13:58:00,2026-02-08 13:48:00,780.0,16,1,16.0,726.0,16.0,0.0,0.0,55.0,70.0
2026-02-08,L2,CWâ†’CC,20062.0,Cristo Redentor,2026-02-08 13:56:30,2026-02-08 13:48:30,780.0,36,4,36.0,714.0,36.0,0.0,0.0,70.0,102.0
2026-02-08,L2,CWâ†’CC,20062.0,Los Canelos,2026-02-08 14:01:30,2026-02-08 13:53:00,780.0,27,4,27.0,682.0,27.0,0.0,0.0,102.0,125.0
2026-02-08,L2,CWâ†’CC,20062.0,Hito Galvarino,2026-02-08 14:05:00,2026-02-08 13:56:00,780.0,7,1,7.0,656.0,7.0,0.0,0.0,125.0,131.0
2026-02-08,L2,CWâ†’CC,20062.0,El Parque,2026-02-08 14:16:00,2026-02-08 13:56:00,780.0,11,14,11.0,663.0,11.0,0.0,0.0,131.0,128.0
2026-02-08,L2,CWâ†’CC,20062.0,Costa Mar,2026-02-08 14:19:00,2026-02-08 14:01:30,780.0,10,18,10.0,670.0,10.0,0.0,0.0,128.0,120.0
2026-02-08,L2,CWâ†’CC,20062.0,Cdal. Raul Silva Henriquez,2026-02-08 14:10:00,2026-02-08 14:02:30,780.0,30,7,30.0,667.0,30.0,0.0,0.0,120.0,143.0
2026-02-08,L2,CWâ†’CC,20062.0,Lomas Coloradas,2026-02-08 14:13:00,2026-02-08 14:03:00,780.0,24,11,24.0,648.0,24.0,0.0,0.0,143.0,156.0
2026-02-08,L2,CWâ†’CC,20062.0,Diagonal Bio Bio,2026-02-08 14:23:00,2026-02-08 14:15:00,780.0,2,9,2.0,633.0,2.0,0.0,0.0,156.0,149.0
2026-02-08,L2,CWâ†’CC,20062.0,Alborada,2026-02-08 14:21:00,2026-02-08 14:18:00,780.0,1,2,1.0,633.0,1.0,0.0,0.0,149.0,148.0
2026-02-08,L2,CWâ†’CC,20062.0,Juan Pablo II,2026-02-08 14:26:00,,780.0,0,12,0.0,644.0,0.0,0.0,0.0,148.0,136.0
2026-02-08,L2,CWâ†’CC,20062.0,Concepcion,2026-02-08 14:33:00,,780.0,0,136,0.0,780.0,0.0,0.0,0.0,136.0,0.0
2026-02-08,L2,CWâ†’CC,20066.0,Coronel,,2026-02-08 14:33:00,780.0,26,0,26.0,780.0,26.0,0.0,0.0,0.0,26.0
2026-02-08,L2,CWâ†’CC,20066.0,Laguna Quinenco,,2026-02-08 14:33:00,780.0,45,0,45.0,754.0,45.0,0.0,0.0,26.0,71.0
2026-02-08,L2,CWâ†’CC,20066.0,Cristo Redentor,2026-02-08 14:49:00,2026-02-08 14:36:00,780.0,41,5,41.0,714.0,41.0,0.0,0.0,71.0,107.0
2026-02-08,L2,CWâ†’CC,20066.0,Huinca,2026-02-08 14:51:00,2026-02-08 14:40:00,780.0,17,3,17.0,676.0,17.0,0.0,0.0,107.0,121.0
2026-02-08,L2,CWâ†’CC,20066.0,Los Canelos,2026-02-08 14:53:00,2026-02-08 14:43:30,780.0,32,3,32.0,662.0,32.0,0.0,0.0,121.0,150.0
2026-02-08,L2,CWâ†’CC,20066.0,Hito Galvarino,2026-02-08 14:55:00,2026-02-08 14:49:00,780.0,13,5,13.0,635.0,13.0,0.0,0.0,150.0,158.0
2026-02-08,L2,CWâ†’CC,20066.0,Lomas Coloradas,2026-02-08 15:03:00,2026-02-08 14:53:30,780.0,20,5,20.0,627.0,20.0,0.0,0.0,158.0,173.0
2026-02-08,L2,CWâ†’CC,20066.0,Alborada,2026-02-08 15:10:00,2026-02-08 14:54:00,780.0,2,1,2.0,608.0,2.0,0.0,0.0,173.0,174.0
2026-02-08,L2,CWâ†’CC,20066.0,El Parque,2026-02-08 15:07:00,2026-02-08 14:56:00,780.0,6,25,6.0,631.0,6.0,0.0,0.0,174.0,155.0
2026-02-08,L2,CWâ†’CC,20066.0,Cdal. Raul Silva Henriquez,2026-02-08 15:01:00,2026-02-08 14:57:00,780.0,9,4,9.0,629.0,9.0,0.0,0.0,155.0,160.0
2026-02-08,L2,CWâ†’CC,20066.0,Costa Mar,2026-02-08 15:08:00,2026-02-08 14:59:00,780.0,10,12,10.0,632.0,10.0,0.0,0.0,160.0,158.0
2026-02-08,L2,CWâ†’CC,20066.0,Diagonal Bio Bio,2026-02-08 15:13:00,2026-02-08 15:06:30,780.0,4,15,4.0,637.0,4.0,0.0,0.0,158.0,147.0
2026-02-08,L2,CWâ†’CC,20066.0,Juan Pablo II,2026-02-08 15:16:00,2026-02-08 15:09:00,780.0,1,11,1.0,644.0,1.0,0.0,0.0,147.0,137.0
2026-02-08,L2,CWâ†’CC,20066.0,Concepcion,2026-02-08 15:24:00,,780.0,0,137,0.0,780.0,0.0,0.0,0.0,137.0,0.0
2026-02-08,L2,CWâ†’CC,20068.0,Laguna Quinenco,2026-02-08 15:46:00,2026-02-08 15:30:00,780.0,33,1,33.0,780.0,33.0,0.0,0.0,0.0,32.0
2026-02-08,L2,CWâ†’CC,20068.0,Coronel,,2026-02-08 15:33:00,780.0,29,0,29.0,748.0,29.0,0.0,0.0,32.0,61.0
2026-02-08,L2,CWâ†’CC,20068.0,Cristo Redentor,2026-02-08 15:47:30,2026-02-08 15:38:00,780.0,29,4,29.0,723.0,29.0,0.0,0.0,61.0,86.0
2026-02-08,L2,CWâ†’CC,20068.0,Huinca,2026-02-08 15:49:30,2026-02-08 15:42:00,780.0,19,2,19.0,696.0,19.0,0.0,0.0,86.0,103.0
2026-02-08,L2,CWâ†’CC,20068.0,Los Canelos,2026-02-08 15:51:00,2026-02-08 15:42:00,780.0,31,5,31.0,682.0,31.0,0.0,0.0,103.0,129.0
2026-02-08,L2,CWâ†’CC,20068.0,Hito Galvarino,2026-02-08 15:54:30,2026-02-08 15:44:00,780.0,4,4,4.0,655.0,4.0,0.0,0.0,129.0,129.0
2026-02-08,L2,CWâ†’CC,20068.0,Cdal. Raul Silva Henriquez,2026-02-08 16:01:00,2026-02-08 15:53:00,780.0,11,9,11.0,660.0,11.0,0.0,0.0,129.0,131.0
2026-02-08,L2,CWâ†’CC,20068.0,Lomas Coloradas,2026-02-08 16:04:00,2026-02-08 15:54:00,780.0,16,8,16.0,657.0,16.0,0.0,0.0,131.0,139.0
2026-02-08,L2,CWâ†’CC,20068.0,El Parque,2026-02-08 16:06:00,2026-02-08 15:54:30,780.0,12,13,12.0,654.0,12.0,0.0,0.0,139.0,138.0
2026-02-08,L2,CWâ†’CC,20068.0,Alborada,2026-02-08 16:10:30,2026-02-08 15:59:00,780.0,2,2,2.0,644.0,2.0,0.0,0.0,138.0,138.0
2026-02-08,L2,CWâ†’CC,20068.0,Costa Mar,2026-02-08 16:08:00,2026-02-08 16:00:00,780.0,11,10,11.0,652.0,11.0,0.0,0.0,138.0,139.0
2026-02-08,L2,CWâ†’CC,20068.0,Diagonal Bio Bio,2026-02-08 16:13:00,2026-02-08 16:08:30,780.0,2,10,2.0,651.0,2.0,0.0,0.0,139.0,131.0
2026-02-08,L2,CWâ†’CC,20068.0,Juan Pablo II,2026-02-08 16:16:00,2026-02-08 16:11:00,780.0,2,8,2.0,657.0,2.0,0.0,0.0,131.0,125.0
2026-02-08,L2,CWâ†’CC,20068.0,Concepcion,2026-02-08 16:24:00,,780.0,0,125,0.0,780.0,0.0,0.0,0.0,125.0,0.0
2026-02-08,L2,CWâ†’CC,20076.0,Laguna Quinenco,2026-02-08 18:10:00,2026-02-08 16:37:00,780.0,22,1,22.0,780.0,22.0,0.0,0.0,0.0,21.0
2026-02-08,L2,CWâ†’CC,20076.0,Coronel,,2026-02-08 16:37:00,780.0,35,0,35.0,759.0,35.0,0.0,0.0,21.0,56.0
2026-02-08,L2,CWâ†’CC,20076.0,Cristo Redentor,2026-02-08 16:53:00,2026-02-08 16:42:00,780.0,22,6,22.0,730.0,22.0,0.0,0.0,56.0,72.0
2026-02-08,L2,CWâ†’CC,20076.0,Huinca,2026-02-08 16:53:00,2026-02-08 16:49:00,780.0,12,1,12.0,709.0,12.0,0.0,0.0,72.0,83.0
2026-02-08,L2,CWâ†’CC,20076.0,Los Canelos,2026-02-08 16:56:00,2026-02-08 16:50:00,780.0,21,5,21.0,702.0,21.0,0.0,0.0,83.0,99.0
2026-02-08,L2,CWâ†’CC,20076.0,Alborada,2026-02-08 17:16:00,2026-02-08 16:51:00,780.0,3,4,3.0,685.0,3.0,0.0,0.0,99.0,98.0
2026-02-08,L2,CWâ†’CC,20076.0,Hito Galvarino,2026-02-08 16:59:00,2026-02-08 16:51:30,780.0,12,5,12.0,687.0,12.0,0.0,0.0,98.0,105.0
2026-02-08,L2,CWâ†’CC,20076.0,El Parque,2026-02-08 17:11:00,2026-02-08 16:53:00,780.0,20,7,20.0,682.0,20.0,0.0,0.0,105.0,118.0
2026-02-08,L2,CWâ†’CC,20076.0,Cdal. Raul Silva Henriquez,2026-02-08 17:06:00,2026-02-08 16:55:00,780.0,17,6,17.0,668.0,17.0,0.0,0.0,118.0,129.0
2026-02-08,L2,CWâ†’CC,20076.0,Lomas Coloradas,2026-02-08 17:08:00,2026-02-08 16:59:00,780.0,19,9,19.0,660.0,19.0,0.0,0.0,129.0,139.0
2026-02-08,L2,CWâ†’CC,20076.0,Costa Mar,2026-02-08 17:14:00,2026-02-08 17:04:00,780.0,3,12,3.0,653.0,3.0,0.0,0.0,139.0,130.0
2026-02-08,L2,CWâ†’CC,20076.0,Diagonal Bio Bio,2026-02-08 17:19:00,2026-02-08 17:08:00,780.0,3,19,3.0,669.0,3.0,0.0,0.0,130.0,114.0
2026-02-08,L2,CWâ†’CC,20076.0,Juan Pablo II,2026-02-08 17:21:00,,780.0,0,7,0.0,673.0,0.0,0.0,0.0,114.0,107.0
2026-02-08,L2,CWâ†’CC,20076.0,Concepcion,2026-02-08 17:30:00,,780.0,0,107,0.0,780.0,0.0,0.0,0.0,107.0,0.0
2026-02-08,L2,CWâ†’CC,20152.0,Coronel,,2026-02-08 08:22:30,780.0,18,0,18.0,780.0,18.0,0.0,0.0,0.0,18.0
2026-02-08,L2,CWâ†’CC,20152.0,Laguna Quinenco,2026-02-08 08:38:00,2026-02-08 08:23:00,780.0,20,1,20.0,763.0,20.0,0.0,0.0,18.0,37.0
2026-02-08,L2,CWâ†’CC,20152.0,Cristo Redentor,2026-02-08 08:39:00,2026-02-08 08:35:00,780.0,23,2,23.0,745.0,23.0,0.0,0.0,37.0,58.0
2026-02-08,L2,CWâ†’CC,20152.0,Los Canelos,2026-02-08 08:43:00,2026-02-08 08:37:00,780.0,21,2,21.0,724.0,21.0,0.0,0.0,58.0,77.0
2026-02-08,L2,CWâ†’CC,20152.0,Hito Galvarino,2026-02-08 08:46:30,2026-02-08 08:37:30,780.0,6,2,6.0,705.0,6.0,0.0,0.0,77.0,81.0
2026-02-08,L2,CWâ†’CC,20152.0,Huinca,2026-02-08 08:41:00,2026-02-08 08:39:00,780.0,11,1,11.0,700.0,11.0,0.0,0.0,81.0,91.0
2026-02-08,L2,CWâ†’CC,20152.0,Lomas Coloradas,2026-02-08 08:56:00,2026-02-08 08:47:00,780.0,21,1,21.0,690.0,21.0,0.0,0.0,91.0,111.0
2026-02-08,L2,CWâ†’CC,20152.0,El Parque,2026-02-08 08:59:00,2026-02-08 08:47:00,780.0,3,15,3.0,684.0,3.0,0.0,0.0,111.0,99.0
2026-02-08,L2,CWâ†’CC,20152.0,Cdal. Raul Silva Henriquez,2026-02-08 08:53:00,2026-02-08 08:49:00,780.0,8,1,8.0,682.0,8.0,0.0,0.0,99.0,106.0
2026-02-08,L2,CWâ†’CC,20152.0,Alborada,2026-02-08 09:04:00,2026-02-08 08:49:00,780.0,1,3,1.0,677.0,1.0,0.0,0.0,106.0,104.0
2026-02-08,L2,CWâ†’CC,20152.0,Costa Mar,2026-02-08 09:01:00,2026-02-08 08:54:00,780.0,4,7,4.0,683.0,4.0,0.0,0.0,104.0,101.0
2026-02-08,L2,CWâ†’CC,20152.0,Diagonal Bio Bio,2026-02-08 09:06:00,,780.0,0,9,0.0,688.0,0.0,0.0,0.0,101.0,92.0
2026-02-08,L2,CWâ†’CC,20152.0,Juan Pablo II,2026-02-08 09:09:00,,780.0,0,14,0.0,702.0,0.0,0.0,0.0,92.0,78.0
2026-02-08,L2,CWâ†’CC,20152.0,Concepcion,2026-02-08 09:16:00,,780.0,0,78,0.0,780.0,0.0,0.0,0.0,78.0,0.0
2026-02-08,L2,CWâ†’CC,20156.0,Coronel,,2026-02-08 09:10:00,780.0,15,0,15.0,780.0,15.0,0.0,0.0,0.0,15.0
2026-02-08,L2,CWâ†’CC,20156.0,Laguna Quinenco,,2026-02-08 09:15:30,780.0,20,0,20.0,765.0,20.0,0.0,0.0,15.0,35.0
2026-02-08,L2,CWâ†’CC,20156.0,Cristo Redentor,,2026-02-08 09:19:00,780.0,16,0,16.0,745.0,16.0,0.0,0.0,35.0,51.0
2026-02-08,L2,CWâ†’CC,20156.0,Huinca,,2026-02-08 09:20:00,780.0,9,0,9.0,729.0,9.0,0.0,0.0,51.0,60.0
2026-02-08,L2,CWâ†’CC,20156.0,Los Canelos,2026-02-08 09:28:00,2026-02-08 09:21:00,780.0,13,1,13.0,721.0,13.0,0.0,0.0,60.0,72.0
2026-02-08,L2,CWâ†’CC,20156.0,Hito Galvarino,2026-02-08 09:30:00,2026-02-08 09:21:00,780.0,3,3,3.0,711.0,3.0,0.0,0.0,72.0,72.0
2026-02-08,L2,CWâ†’CC,20156.0,El Parque,2026-02-08 09:44:00,2026-02-08 09:25:00,780.0,1,23,1.0,731.0,1.0,0.0,0.0,72.0,50.0
2026-02-08,L2,CWâ†’CC,20156.0,Cdal. Raul Silva Henriquez,,2026-02-08 09:34:00,780.0,15,0,15.0,730.0,15.0,0.0,0.0,50.0,65.0
2026-02-08,L2,CWâ†’CC,20156.0,Lomas Coloradas,2026-02-08 09:41:00,2026-02-08 09:36:00,780.0,13,10,13.0,725.0,13.0,0.0,0.0,65.0,68.0
2026-02-08,L2,CWâ†’CC,20156.0,Costa Mar,2026-02-08 09:46:00,2026-02-08 09:42:00,780.0,5,4,5.0,716.0,5.0,0.0,0.0,68.0,69.0
2026-02-08,L2,CWâ†’CC,20156.0,Alborada,2026-02-08 09:49:00,,780.0,0,1,0.0,712.0,0.0,0.0,0.0,69.0,68.0
2026-02-08,L2,CWâ†’CC,20156.0,Diagonal Bio Bio,2026-02-08 09:51:00,2026-02-08 09:50:00,780.0,1,5,1.0,717.0,1.0,0.0,0.0,68.0,64.0
2026-02-08,L2,CWâ†’CC,20156.0,Juan Pablo II,2026-02-08 09:53:00,,780.0,0,7,0.0,723.0,0.0,0.0,0.0,64.0,57.0
2026-02-08,L2,CWâ†’CC,20156.0,Concepcion,2026-02-08 10:02:00,,780.0,0,57,0.0,780.0,0.0,0.0,0.0,57.0,0.0
2026-02-08,L2,CWâ†’CC,20160.0,Coronel,,2026-02-08 17:31:00,780.0,39,0,39.0,780.0,39.0,0.0,0.0,0.0,39.0
2026-02-08,L2,CWâ†’CC,20160.0,Laguna Quinenco,2026-02-08 17:48:00,2026-02-08 17:37:00,780.0,43,2,43.0,743.0,43.0,0.0,0.0,39.0,80.0
2026-02-08,L2,CWâ†’CC,20160.0,Cristo Redentor,2026-02-08 17:51:00,2026-02-08 17:40:00,780.0,29,4,29.0,704.0,29.0,0.0,0.0,80.0,105.0
2026-02-08,L2,CWâ†’CC,20160.0,Huinca,2026-02-08 17:53:00,2026-02-08 17:47:00,780.0,15,1,15.0,676.0,15.0,0.0,0.0,105.0,119.0
2026-02-08,L2,CWâ†’CC,20160.0,El Parque,2026-02-08 18:10:00,2026-02-08 17:47:30,780.0,20,7,20.0,668.0,20.0,0.0,0.0,119.0,132.0
2026-02-08,L2,CWâ†’CC,20160.0,Los Canelos,2026-02-08 17:55:00,2026-02-08 17:48:00,780.0,20,8,20.0,656.0,20.0,0.0,0.0,132.0,144.0
2026-02-08,L2,CWâ†’CC,20160.0,Hito Galvarino,2026-02-08 17:59:00,2026-02-08 17:52:30,780.0,6,2,6.0,638.0,6.0,0.0,0.0,144.0,148.0
2026-02-08,L2,CWâ†’CC,20160.0,Cdal. Raul Silva Henriquez,2026-02-08 18:05:00,2026-02-08 17:56:00,780.0,11,13,11.0,645.0,11.0,0.0,0.0,148.0,146.0
2026-02-08,L2,CWâ†’CC,20160.0,Costa Mar,2026-02-08 18:12:00,2026-02-08 17:59:00,780.0,11,17,11.0,651.0,11.0,0.0,0.0,146.0,140.0
2026-02-08,L2,CWâ†’CC,20160.0,Lomas Coloradas,2026-02-08 18:07:00,2026-02-08 18:00:00,780.0,23,11,23.0,651.0,23.0,0.0,0.0,140.0,152.0
2026-02-08,L2,CWâ†’CC,20160.0,Alborada,2026-02-08 18:14:30,2026-02-08 18:06:30,780.0,2,4,2.0,632.0,2.0,0.0,0.0,152.0,150.0
2026-02-08,L2,CWâ†’CC,20160.0,Diagonal Bio Bio,2026-02-08 18:17:00,,780.0,0,6,0.0,636.0,0.0,0.0,0.0,150.0,144.0
2026-02-08,L2,CWâ†’CC,20160.0,Juan Pablo II,2026-02-08 18:20:00,,780.0,0,14,0.0,650.0,0.0,0.0,0.0,144.0,130.0
2026-02-08,L2,CWâ†’CC,20160.0,Concepcion,2026-02-08 18:28:00,,780.0,0,130,0.0,780.0,0.0,0.0,0.0,130.0,0.0
2026-02-08,L2,CWâ†’CC,20162.0,Coronel,,2026-02-08 18:01:00,780.0,29,0,29.0,780.0,29.0,0.0,0.0,0.0,29.0
2026-02-08,L2,CWâ†’CC,20162.0,Laguna Quinenco,,2026-02-08 18:11:00,780.0,49,0,49.0,751.0,49.0,0.0,0.0,29.0,78.0
2026-02-08,L2,CWâ†’CC,20162.0,Hito Galvarino,2026-02-08 18:31:00,2026-02-08 18:12:00,780.0,4,9,4.0,711.0,4.0,0.0,0.0,78.0,73.0
2026-02-08,L2,CWâ†’CC,20162.0,Cristo Redentor,2026-02-08 18:23:00,2026-02-08 18:17:00,780.0,13,4,13.0,711.0,13.0,0.0,0.0,73.0,82.0
2026-02-08,L2,CWâ†’CC,20162.0,Huinca,2026-02-08 18:25:00,2026-02-08 18:19:00,780.0,13,3,13.0,701.0,13.0,0.0,0.0,82.0,92.0
2026-02-08,L2,CWâ†’CC,20162.0,Los Canelos,2026-02-08 18:27:00,2026-02-08 18:20:00,780.0,33,12,33.0,700.0,33.0,0.0,0.0,92.0,113.0
2026-02-08,L2,CWâ†’CC,20162.0,Cdal. Raul Silva Henriquez,2026-02-08 18:36:00,2026-02-08 18:24:00,780.0,21,6,21.0,673.0,21.0,0.0,0.0,113.0,128.0
2026-02-08,L2,CWâ†’CC,20162.0,Lomas Coloradas,2026-02-08 18:40:00,2026-02-08 18:26:30,780.0,10,8,10.0,660.0,10.0,0.0,0.0,128.0,130.0
2026-02-08,L2,CWâ†’CC,20162.0,Costa Mar,2026-02-08 18:45:00,2026-02-08 18:35:00,780.0,9,9,9.0,659.0,9.0,0.0,0.0,130.0,130.0
2026-02-08,L2,CWâ†’CC,20162.0,El Parque,2026-02-08 18:42:00,2026-02-08 18:37:00,780.0,11,3,11.0,653.0,11.0,0.0,0.0,130.0,138.0
2026-02-08,L2,CWâ†’CC,20162.0,Alborada,2026-02-08 18:47:00,2026-02-08 18:40:00,780.0,1,2,1.0,644.0,1.0,0.0,0.0,138.0,137.0
2026-02-08,L2,CWâ†’CC,20162.0,Diagonal Bio Bio,2026-02-08 18:50:00,,780.0,0,17,0.0,660.0,0.0,0.0,0.0,137.0,120.0
2026-02-08,L2,CWâ†’CC,20162.0,Juan Pablo II,2026-02-08 18:53:00,,780.0,0,24,0.0,684.0,0.0,0.0,0.0,120.0,96.0
2026-02-08,L2,CWâ†’CC,20162.0,Concepcion,2026-02-08 18:59:00,,780.0,0,96,0.0,780.0,0.0,0.0,0.0,96.0,0.0
2026-02-08,L2,CWâ†’CC,20166.0,Laguna Quinenco,2026-02-08 19:22:00,2026-02-08 19:09:00,780.0,56,3,56.0,780.0,56.0,0.0,0.0,0.0,53.0
2026-02-08,L2,CWâ†’CC,20166.0,Coronel,,2026-02-08 19:09:00,780.0,44,0,44.0,727.0,44.0,0.0,0.0,53.0,97.0
2026-02-08,L2,CWâ†’CC,20166.0,Huinca,2026-02-08 19:27:00,2026-02-08 19:15:00,780.0,27,4,27.0,687.0,27.0,0.0,0.0,97.0,120.0
2026-02-08,L2,CWâ†’CC,20166.0,Cristo Redentor,2026-02-08 19:25:00,2026-02-08 19:16:00,780.0,26,5,26.0,665.0,26.0,0.0,0.0,120.0,141.0
2026-02-08,L2,CWâ†’CC,20166.0,Diagonal Bio Bio,2026-02-08 19:51:00,2026-02-08 19:18:00,780.0,1,11,1.0,650.0,1.0,0.0,0.0,141.0,131.0
2026-02-08,L2,CWâ†’CC,20166.0,Los Canelos,2026-02-08 19:29:00,2026-02-08 19:19:00,780.0,27,9,27.0,658.0,27.0,0.0,0.0,131.0,149.0
2026-02-08,L2,CWâ†’CC,20166.0,Hito Galvarino,2026-02-08 19:32:00,2026-02-08 19:22:00,780.0,8,9,8.0,640.0,8.0,0.0,0.0,149.0,148.0
2026-02-08,L2,CWâ†’CC,20166.0,El Parque,2026-02-08 19:44:00,2026-02-08 19:26:00,780.0,15,9,15.0,641.0,15.0,0.0,0.0,148.0,154.0
2026-02-08,L2,CWâ†’CC,20166.0,Cdal. Raul Silva Henriquez,2026-02-08 19:38:00,2026-02-08 19:30:30,780.0,18,19,18.0,645.0,18.0,0.0,0.0,154.0,153.0
2026-02-08,L2,CWâ†’CC,20166.0,Lomas Coloradas,2026-02-08 19:41:00,2026-02-08 19:35:00,780.0,22,17,22.0,644.0,22.0,0.0,0.0,153.0,158.0
2026-02-08,L2,CWâ†’CC,20166.0,Costa Mar,2026-02-08 19:46:00,2026-02-08 19:37:00,780.0,8,20,8.0,642.0,8.0,0.0,0.0,158.0,146.0
2026-02-08,L2,CWâ†’CC,20166.0,Juan Pablo II,2026-02-08 19:53:00,2026-02-08 19:39:00,780.0,4,10,4.0,644.0,4.0,0.0,0.0,146.0,140.0
2026-02-08,L2,CWâ†’CC,20166.0,Concepcion,2026-02-08 20:00:00,,780.0,0,140,0.0,780.0,0.0,0.0,0.0,140.0,0.0
2026-02-08,L2,CWâ†’CC,20170.0,Diagonal Bio Bio,2026-02-08 20:51:00,2026-02-08 19:39:30,780.0,2,12,2.0,780.0,2.0,0.0,0.0,0.0,0.0
2026-02-08,L2,CWâ†’CC,20170.0,Coronel,,2026-02-08 20:01:00,780.0,32,0,32.0,780.0,32.0,0.0,0.0,0.0,32.0
2026-02-08,L2,CWâ†’CC,20170.0,Laguna Quinenco,2026-02-08 20:23:00,2026-02-08 20:09:00,780.0,91,1,91.0,749.0,91.0,0.0,0.0,32.0,122.0
2026-02-08,L2,CWâ†’CC,20170.0,Cristo Redentor,2026-02-08 20:23:00,2026-02-08 20:14:00,780.0,34,10,34.0,668.0,34.0,0.0,0.0,122.0,146.0
2026-02-08,L2,CWâ†’CC,20170.0,Los Canelos,2026-02-08 20:28:00,2026-02-08 20:17:30,780.0,20,22,20.0,656.0,20.0,0.0,0.0,146.0,144.0
2026-02-08,L2,CWâ†’CC,20170.0,Huinca,2026-02-08 20:26:00,2026-02-08 20:18:00,780.0,22,10,22.0,646.0,22.0,0.0,0.0,144.0,156.0
2026-02-08,L2,CWâ†’CC,20170.0,Hito Galvarino,2026-02-08 20:31:00,2026-02-08 20:23:00,780.0,11,6,11.0,630.0,11.0,0.0,0.0,156.0,161.0
2026-02-08,L2,CWâ†’CC,20170.0,Cdal. Raul Silva Henriquez,2026-02-08 20:36:00,2026-02-08 20:24:00,780.0,17,16,17.0,635.0,17.0,0.0,0.0,161.0,162.0
2026-02-08,L2,CWâ†’CC,20170.0,Lomas Coloradas,2026-02-08 20:41:00,2026-02-08 20:36:00,780.0,17,21,17.0,639.0,17.0,0.0,0.0,162.0,158.0
2026-02-08,L2,CWâ†’CC,20170.0,El Parque,2026-02-08 20:44:00,2026-02-08 20:36:00,780.0,27,6,27.0,628.0,27.0,0.0,0.0,158.0,179.0
2026-02-08,L2,CWâ†’CC,20170.0,Costa Mar,2026-02-08 20:46:00,2026-02-08 20:40:00,780.0,11,34,11.0,635.0,11.0,0.0,0.0,179.0,156.0
2026-02-08,L2,CWâ†’CC,20170.0,Alborada,2026-02-08 20:48:00,,780.0,0,7,0.0,631.0,0.0,0.0,0.0,156.0,149.0
2026-02-08,L2,CWâ†’CC,20170.0,Juan Pablo II,2026-02-08 20:54:00,,780.0,0,14,0.0,645.0,0.0,0.0,0.0,149.0,135.0
2026-02-08,L2,CWâ†’CC,20170.0,Concepcion,2026-02-08 21:01:00,,780.0,0,125,0.0,770.0,0.0,0.0,0.0,135.0,10.0
2026-02-08,L2,nan,20157.0,Concepcion,,2026-02-08 17:34:00,780.0,2,0,2.0,780.0,2.0,0.0,0.0,0.0,2.0
2026-02-08,L2,nan,20157.0,Costa Mar,2026-02-08 17:48:00,,780.0,0,1,0.0,779.0,0.0,0.0,0.0,2.0,1.0
2026-02-08,L2,nan,20157.0,Cristo Redentor,2026-02-08 18:11:00,,780.0,0,1,0.0,780.0,0.0,0.0,0.0,1.0,0.0
